path,old_status,new_status,old_finalUrl,new_finalUrl,old_title,new_title,title_match,old_h1,new_h1,h1_match,old_canonical,new_canonical,old_robotsMeta,new_robotsMeta,new_xRobotsTag,old_ldTypes,new_ldTypes,old_anchorCount,new_anchorCount,old_wordCount,new_wordCount,wordCount_ratio,new_legacyHrefCount,old_ms,new_ms,old_payload,new_payload
/,200,200,https://heroicrankings.com/,https://heroic-rankings-final.vercel.app/,Rank Like A Hero | Heroic Rankings,Data-Driven SEO Agency for Organic Growth | Heroic Rankings,n,Powering Your Organic Growth,"Others are not better,they&#x27;re just easier to find.",n,https://heroicrankings.com/,https://heroicrankings.com/,,"noindex, nofollow, nocache","noindex, nofollow, noarchive, nosnippet, noimageindex",WebSite,"BreadcrumbList,Organization,WebSite",68,89,1379,1729,1.25,0,3044,822,1365066,718373
/about/,200,200,https://heroicrankings.com/about/,https://heroic-rankings-final.vercel.app/about/,Meet Our Heroic Team  | Heroic Rankings,About Us | Heroic Rankings,n,About,Meet the Ranking Heroes,n,https://heroicrankings.com/about/,https://heroicrankings.com/about/,,"noindex, nofollow, nocache","noindex, nofollow, noarchive, nosnippet, noimageindex",AboutPage,"BreadcrumbList,Organization,WebSite",53,64,871,1261,1.45,0,2722,810,808227,544616
/about/anastasija-jankovic/,200,200,https://heroicrankings.com/about/anastasija-jankovic/,https://heroic-rankings-final.vercel.app/about/anastasija-jankovic/,Anastasija Jankovic | Co Founder |  | Heroic Rankings,"Anastasija Jankovic, Co-Founder &amp; CHRO | Heroic Rankings | Heroic Rankings",n,Anastasija Jankovic,Anastasija Jankovic,y,https://heroicrankings.com/about/anastasija-jankovic/,https://heroicrankings.com/about/anastasija-jankovic/,,"noindex, nofollow, nocache","noindex, nofollow, noarchive, nosnippet, noimageindex",ProfilePage,"BreadcrumbList,Organization,ProfilePage,WebSite",36,47,236,315,1.33,0,1415,509,564788,400147
/about/andjela-knezevic/,200,200,https://heroicrankings.com/about/andjela-knezevic/,https://heroic-rankings-final.vercel.app/about/andjela-knezevic/,Andjela Knezevic | SEO &amp; Link Building Expert | Heroic Rankings,"Andjela Knezevic, Link Building Specialist | Heroic Rankings | Heroic Rankings",n,Andjela Knezevic,Andjela Knezevic,y,https://heroicrankings.com/about/andjela-knezevic/,https://heroicrankings.com/about/andjela-knezevic/,,"noindex, nofollow, nocache","noindex, nofollow, noarchive, nosnippet, noimageindex",ProfilePage,"BreadcrumbList,Organization,ProfilePage,WebSite",36,47,243,297,1.22,0,1409,668,569143,401066
/about/nebojsa-jankovic/,200,200,https://heroicrankings.com/about/nebojsa-jankovic/,https://heroic-rankings-final.vercel.app/about/nebojsa-jankovic/,Nebojsa Jankovic | Founder  | Heroic Rankings,"Nebojsa Jankovic, Founder &amp; CEO | Heroic Rankings | Heroic Rankings",n,Nebojsa Jankovic,Nebojsa Jankovic,y,https://heroicrankings.com/about/nebojsa-jankovic/,https://heroicrankings.com/about/nebojsa-jankovic/,,"noindex, nofollow, nocache","noindex, nofollow, noarchive, nosnippet, noimageindex",ProfilePage,"BreadcrumbList,Organization,ProfilePage,WebSite",37,48,281,336,1.20,0,1416,729,570805,409540
/about/slobodan-kacavenda/,200,200,https://heroicrankings.com/about/slobodan-kacavenda/,https://heroic-rankings-final.vercel.app/about/slobodan-kacavenda/,Slobodan Kacavenda | Link Building Expert | Heroic Rankings,"Slobodan Kacavenda, Link Building Specialist | Heroic Rankings | Heroic Rankings",n,Slobodan Kacavenda,Slobodan Kacavenda,y,https://heroicrankings.com/about/slobodan-kacavenda/,https://heroicrankings.com/about/slobodan-kacavenda/,,"noindex, nofollow, nocache","noindex, nofollow, noarchive, nosnippet, noimageindex",ProfilePage,"BreadcrumbList,Organization,ProfilePage,WebSite",36,47,231,282,1.22,0,1401,539,560371,395621
/about/srdjan-gombar/,200,200,https://heroicrankings.com/about/srdjan-gombar/,https://heroic-rankings-final.vercel.app/about/srdjan-gombar/,Srdjan Gombar | Content Manager | Heroic Rankings,"Srdjan Gombar, Content Manager | Heroic Rankings | Heroic Rankings",n,Srdjan Gombar,Srdjan Gombar,y,https://heroicrankings.com/about/srdjan-gombar/,https://heroicrankings.com/about/srdjan-gombar/,,"noindex, nofollow, nocache","noindex, nofollow, noarchive, nosnippet, noimageindex",ProfilePage,"BreadcrumbList,Organization,ProfilePage,WebSite",36,47,284,324,1.14,0,1410,617,556013,392047
/about/stefan-cvetkovic/,200,200,https://heroicrankings.com/about/stefan-cvetkovic/,https://heroic-rankings-final.vercel.app/about/stefan-cvetkovic/,Stefan Cvetkovic | Organic Growth Manager | Heroic Rankings,"Stefan Cvetkovic, Organic Growth Manager | Heroic Rankings | Heroic Rankings",n,Stefan Cvetkovic,Stefan Cvetkovic,y,https://heroicrankings.com/about/stefan-cvetkovic/,https://heroicrankings.com/about/stefan-cvetkovic/,,"noindex, nofollow, nocache","noindex, nofollow, noarchive, nosnippet, noimageindex",ProfilePage,"BreadcrumbList,Organization,ProfilePage,WebSite",36,47,224,303,1.35,0,2092,1615,564021,399757
/about/una-stanojevic/,200,200,https://heroicrankings.com/about/una-stanojevic/,https://heroic-rankings-final.vercel.app/about/una-stanojevic/,Una Stanojevic | Strategic Assistant &amp; Head of Operations | Heroic Rankings,"Una Stanojevic, Strategic Assistant &amp; Head of Operations | Heroic Rankings | Heroic Rankings",n,Una Stanojevic,Una Stanojevic,y,https://heroicrankings.com/about/una-stanojevic/,https://heroicrankings.com/about/una-stanojevic/,,"noindex, nofollow, nocache","noindex, nofollow, noarchive, nosnippet, noimageindex",ProfilePage,"BreadcrumbList,Organization,ProfilePage,WebSite",36,47,238,292,1.23,0,1791,534,555773,392894
/blog/,200,200,https://heroicrankings.com/blog/,https://heroic-rankings-final.vercel.app/blog/,Heroic Rankings Blog | Expert SEO Insights | Heroic Rankings,Insights | Heroic Rankings,n,Blog,Our Blog,n,https://heroicrankings.com/blog/,https://heroicrankings.com/blog/,,"noindex, nofollow, nocache","noindex, nofollow, noarchive, nosnippet, noimageindex",Blog,"BreadcrumbList,Organization,WebSite",95,52,667,391,0.59,0,10025,519,6457270,421385
/case-study/,200,200,https://heroicrankings.com/case-study/,https://heroic-rankings-final.vercel.app/case-study/,Case Studies | Heroic Rankings,Case Studies | Heroic Rankings,y,Success Stories,Success Stories,y,https://heroicrankings.com/case-study/,https://heroicrankings.com/case-study/,,"noindex, nofollow, nocache","noindex, nofollow, noarchive, nosnippet, noimageindex",CollectionPage,"BreadcrumbList,Organization,WebSite",43,58,418,836,2.00,0,1792,582,617731,437157
/case-study/affinda/,200,200,https://heroicrankings.com/case-study/affinda/,https://heroic-rankings-final.vercel.app/case-study/affinda/,Affinda SEO Case Study | Boosting &quot;Resume Parser&quot; Rankings | Heroic Rankings,Affinda SEO Case Study | Boosting &quot;Resume Parser&quot; Rankings | Heroic Rankings,y,Affinda SEO Case Study | Boosting &quot;Resume Parser&quot; Rankings,Affinda,n,https://heroicrankings.com/case-study/affinda/,https://heroicrankings.com/case-study/affinda/,,"noindex, nofollow, nocache","noindex, nofollow, noarchive, nosnippet, noimageindex",WebPage,"BreadcrumbList,Organization,WebSite",37,46,713,1278,1.79,0,1777,505,575369,498511
/case-study/art-by-maudsch/,200,200,https://heroicrankings.com/case-study/art-by-maudsch/,https://heroic-rankings-final.vercel.app/case-study/art-by-maudsch/,Art by Maudsch SEO Case Study | Elevating Rankings with Backlinks | Heroic Rankings,Art by Maudsch SEO Case Study | Elevating Rankings with Backlinks | Heroic Rankings,y,Art by Maudsch SEO Case Study | Elevating Rankings with Backlinks,Art by Maudsch,n,https://heroicrankings.com/case-study/art-by-maudsch/,https://heroicrankings.com/case-study/art-by-maudsch/,,"noindex, nofollow, nocache","noindex, nofollow, noarchive, nosnippet, noimageindex",WebPage,"BreadcrumbList,Organization,WebSite",37,46,675,1119,1.66,0,1786,681,582204,512563
/case-study/designrush/,200,200,https://heroicrankings.com/case-study/designrush/,https://heroic-rankings-final.vercel.app/case-study/designrush/,DesignRush SEO Case Study | Strengthening Authority with Link Building | Heroic Rankings,DesignRush SEO Case Study | Strengthening Authority with Link Building | Heroic Rankings,y,DesignRush SEO Case Study | Strengthening Authority with Link Building,DesignRush,n,https://heroicrankings.com/case-study/designrush/,https://heroicrankings.com/case-study/designrush/,,"noindex, nofollow, nocache","noindex, nofollow, noarchive, nosnippet, noimageindex",WebPage,"BreadcrumbList,Organization,WebSite",42,46,766,1251,1.63,0,1118,491,581149,509089
/case-study/my-baskets/,200,200,https://heroicrankings.com/case-study/my-baskets/,https://heroic-rankings-final.vercel.app/case-study/my-baskets/,My Baskets SEO Success | How Link Building Increased Traffic | Heroic Rankings,My Baskets SEO Success | How Link Building Increased Traffic | Heroic Rankings,y,My Baskets SEO Success | How Link Building Increased Traffic,My Baskets,n,https://heroicrankings.com/case-study/my-baskets/,https://heroicrankings.com/case-study/my-baskets/,,"noindex, nofollow, nocache","noindex, nofollow, noarchive, nosnippet, noimageindex",WebPage,"BreadcrumbList,Organization,WebSite",43,46,1008,1767,1.75,0,967,525,595377,532028
/case-study/nagish/,200,200,https://heroicrankings.com/case-study/nagish/,https://heroic-rankings-final.vercel.app/case-study/nagish/,Nagish SEO Case Study | Scaling Search Visibility with Backlinks | Heroic Rankings,Nagish SEO Case Study | Scaling Search Visibility with Backlinks | Heroic Rankings,y,Nagish SEO Case Study | Scaling Search Visibility with Backlinks,Nagish,n,https://heroicrankings.com/case-study/nagish/,https://heroicrankings.com/case-study/nagish/,,"noindex, nofollow, nocache","noindex, nofollow, noarchive, nosnippet, noimageindex",WebPage,"BreadcrumbList,Organization,WebSite",37,46,769,1222,1.59,0,1186,441,587021,517239
/case-study/number-artist/,200,200,https://heroicrankings.com/case-study/number-artist/,https://heroic-rankings-final.vercel.app/case-study/diy-craft-ecom-brand/,Number Artist SEO Case Study | Boosting Authority with Link Building | Heroic Rankings,Number Artist SEO Case Study | Boosting Authority with Link Building | Heroic Rankings,y,Number Artist SEO Case Study | Boosting Authority with Link Building,DIY Craft eCom Brand,n,https://heroicrankings.com/case-study/number-artist/,https://heroicrankings.com/case-study/diy-craft-ecom-brand/,,"noindex, nofollow, nocache","noindex, nofollow, noarchive, nosnippet, noimageindex",WebPage,"BreadcrumbList,Organization,WebSite",37,46,714,1183,1.66,0,1303,764,585748,516950
/contact/,200,200,https://heroicrankings.com/contact/,https://heroic-rankings-final.vercel.app/contact/,Contact Our Agency | Heroic Rankings,Contact | Heroic Rankings,n,Contact Our Agency,Connect with the Heroes of SEO,n,https://heroicrankings.com/contact/,https://heroicrankings.com/contact/,,"noindex, nofollow, nocache","noindex, nofollow, noarchive, nosnippet, noimageindex",,"BreadcrumbList,Organization,WebSite",37,47,347,228,0.66,0,1296,459,599590,363300
/partnership/,200,200,https://heroicrankings.com/partnership/,https://heroic-rankings-final.vercel.app/partnership/,Partnership Opportunities | Heroic Rankings,White Label SEO Partnership | Heroic Rankings,n,White Label SEO Partnership Strategies That Grow Your MRR,White Label SEO Partnership Strategies That Grow Your MRR,y,https://heroicrankings.com/partnership/,https://heroicrankings.com/partnership/,,"noindex, nofollow, nocache","noindex, nofollow, noarchive, nosnippet, noimageindex",WebPage,"BreadcrumbList,FAQPage,Organization,WebSite",38,48,1056,1575,1.49,0,1400,577,770938,485718
/privacy-policy/,200,200,https://heroicrankings.com/privacy-policy/,https://heroic-rankings-final.vercel.app/privacy-policy/,Cookie &amp; Privacy Policy | Heroic Rankings,Privacy Policy | Heroic Rankings,n,Cookie &amp; Privacy Policy,Privacy Policy,n,https://heroicrankings.com/privacy-policy/,https://heroicrankings.com/privacy-policy/,,"noindex, nofollow, nocache","noindex, nofollow, noarchive, nosnippet, noimageindex",,"BreadcrumbList,Organization,WebSite",46,46,754,248,0.33,0,1586,439,747605,359044
/seo/,200,200,https://heroicrankings.com/seo/,https://heroic-rankings-final.vercel.app/seo/,Managed SEO Services | Heroic Rankings,SEO Services | Heroic Rankings,n,Managed SEO Services,AEO &amp; SEO Services,n,https://heroicrankings.com/seo/,https://heroicrankings.com/seo/,,"noindex, nofollow, nocache","noindex, nofollow, noarchive, nosnippet, noimageindex",WebPage,"BreadcrumbList,FAQPage,Organization,WebSite",50,75,968,1102,1.14,0,1429,451,688164,518504
/seo/content-creation/,200,200,https://heroicrankings.com/seo/content-creation/,https://heroic-rankings-final.vercel.app/seo/content-creation/,Content Creation Services | Heroic Rankings,Content Creation Services | Heroic Rankings,y,Content Creation Services,Content Creation Services,y,https://heroicrankings.com/seo/content-creation/,https://heroicrankings.com/seo/content-creation/,,"noindex, nofollow, nocache","noindex, nofollow, noarchive, nosnippet, noimageindex",WebPage,"BreadcrumbList,FAQPage,Organization,WebSite",47,66,729,1073,1.47,0,1499,333,663546,507962
/seo/content-creation/ai-content-for-seo-to-protect-rankings/,200,200,https://heroicrankings.com/seo/content-creation/ai-content-for-seo-to-protect-rankings/,https://heroic-rankings-final.vercel.app/seo/content-creation/ai-content-for-seo-to-protect-rankings/,AI Content for SEO: Best Practices to Protect Your Rankings | Heroic Rankings,AI Content for SEO: Best Practices to Protect Your Rankings | Heroic Rankings,y,Leveraging AI-Generated Content Without Damaging Your Rankingss,Leveraging AI-Generated Content Without Damaging Your Rankingss,y,https://heroicrankings.com/seo/content-creation/ai-content-for-seo-to-protect-rankings/,https://heroicrankings.com/seo/content-creation/ai-content-for-seo-to-protect-rankings/,,"noindex, nofollow, nocache","noindex, nofollow, noarchive, nosnippet, noimageindex",BlogPosting,"Article,BreadcrumbList,Organization,WebSite",68,66,3410,3574,1.05,0,1097,500,660907,577430
/seo/content-creation/authenticity-in-marketing/,200,200,https://heroicrankings.com/seo/content-creation/authenticity-in-marketing/,https://heroic-rankings-final.vercel.app/seo/content-creation/authenticity-in-marketing/,Authenticity in Marketing: Why Being Real Is the New Standard for Brand Success | Heroic Rankings,Authenticity in Marketing: Why Being Real Is the New Standard for Brand Success | Heroic Rankings,y,Authenticity in Marketing (The New Standard for Success),Authenticity in Marketing (The New Standard for Success),y,https://heroicrankings.com/seo/content-creation/authenticity-in-marketing/,https://heroicrankings.com/seo/content-creation/authenticity-in-marketing/,,"noindex, nofollow, nocache","noindex, nofollow, noarchive, nosnippet, noimageindex",BlogPosting,"Article,BreadcrumbList,Organization,WebSite",63,66,2902,3228,1.11,0,1116,406,641659,553429
/seo/content-creation/benefits-of-blogging-for-small-businesses-in-2026/,200,200,https://heroicrankings.com/seo/content-creation/benefits-of-blogging-for-small-businesses-in-2026/,https://heroic-rankings-final.vercel.app/seo/content-creation/benefits-of-blogging-for-small-businesses-in-2026/,"Blogging for Small Businesses in 2026: Benefits, SEO &amp; ROI | Heroic Rankings","Blogging for Small Businesses in 2026: Benefits, SEO &amp; ROI | Heroic Rankings",y,Benefits of Blogging for Small Businesses in 2026,Benefits of Blogging for Small Businesses in 2026,y,https://heroicrankings.com/seo/content-creation/benefits-of-blogging-for-small-businesses-in-2026/,https://heroicrankings.com/seo/content-creation/benefits-of-blogging-for-small-businesses-in-2026/,,"noindex, nofollow, nocache","noindex, nofollow, noarchive, nosnippet, noimageindex",BlogPosting,"Article,BreadcrumbList,Organization,WebSite",53,68,1757,2145,1.22,0,1099,346,609876,504442
/seo/content-creation/content-marketing-statistics-2026/,200,200,https://heroicrankings.com/seo/content-creation/content-marketing-statistics-2026/,https://heroic-rankings-final.vercel.app/seo/content-creation/content-marketing-statistics-2026/,Content Marketing Statistics 2026: Key Trends &amp; ROI Data | Heroic Rankings,Content Marketing Statistics 2026: Key Trends &amp; ROI Data | Heroic Rankings,y,Content Marketing Statistics in 2026: Future Trends and Key Takeaways,Content Marketing Statistics in 2026: Future Trends and Key Takeaways,y,https://heroicrankings.com/seo/content-creation/content-marketing-statistics-2026/,https://heroicrankings.com/seo/content-creation/content-marketing-statistics-2026/,,"noindex, nofollow, nocache","noindex, nofollow, noarchive, nosnippet, noimageindex",BlogPosting,"Article,BreadcrumbList,Organization,WebSite",85,80,2713,2819,1.04,0,1000,313,637122,544164
/seo/content-creation/google-eeat-and-seo-in-2026/,200,200,https://heroicrankings.com/seo/content-creation/google-eeat-and-seo-in-2026/,https://heroic-rankings-final.vercel.app/seo/content-creation/google-eeat-and-seo-in-2026/,"Google E-E-A-T in 2026: How Experience, Expertise, and Trust Drive SEO Success | Heroic Rankings","Google E-E-A-T in 2026: How Experience, Expertise, and Trust Drive SEO Success | Heroic Rankings",y,E-E-A-T and SEO in 2026: Building Trust and Authority Online,E-E-A-T and SEO in 2026: Building Trust and Authority Online,y,https://heroicrankings.com/seo/content-creation/google-eeat-and-seo-in-2026/,https://heroicrankings.com/seo/content-creation/google-eeat-and-seo-in-2026/,,"noindex, nofollow, nocache","noindex, nofollow, noarchive, nosnippet, noimageindex",BlogPosting,"Article,BreadcrumbList,Organization,WebSite",68,68,3202,3501,1.09,0,985,501,655695,572435
/seo/content-creation/how-to-build-b2b-content-marketing-strategy/,200,200,https://heroicrankings.com/seo/content-creation/how-to-build-b2b-content-marketing-strategy/,https://heroic-rankings-final.vercel.app/seo/content-creation/how-to-build-b2b-content-marketing-strategy/,B2B Content Marketing Strategy: From Planning to Pipeline | Heroic Rankings,B2B Content Marketing Strategy: From Planning to Pipeline | Heroic Rankings,y,How to Build a B2B Content Marketing Strategy That Drives Results,How to Build a B2B Content Marketing Strategy That Drives Results,y,https://heroicrankings.com/seo/content-creation/how-to-build-b2b-content-marketing-strategy/,https://heroicrankings.com/seo/content-creation/how-to-build-b2b-content-marketing-strategy/,,"noindex, nofollow, nocache","noindex, nofollow, noarchive, nosnippet, noimageindex",BlogPosting,"Article,BreadcrumbList,Organization,WebSite",64,67,2791,3114,1.12,0,821,415,641221,552593
/seo/content-creation/how-to-repurpose-old-blog-posts/,200,200,https://heroicrankings.com/seo/content-creation/how-to-repurpose-old-blog-posts/,https://heroic-rankings-final.vercel.app/seo/content-creation/how-to-repurpose-old-blog-posts/,How to Repurpose Old Blog Posts and Grow Organic Traffic | Heroic Rankings,How to Repurpose Old Blog Posts and Grow Organic Traffic | Heroic Rankings,y,How to Repurpose Old Blog Posts Into New Traffic Opportunities,How to Repurpose Old Blog Posts Into New Traffic Opportunities,y,https://heroicrankings.com/seo/content-creation/how-to-repurpose-old-blog-posts/,https://heroicrankings.com/seo/content-creation/how-to-repurpose-old-blog-posts/,,"noindex, nofollow, nocache","noindex, nofollow, noarchive, nosnippet, noimageindex",BlogPosting,"Article,BreadcrumbList,Organization,WebSite",66,68,2786,3111,1.12,0,1291,459,639802,550678
/seo/content-creation/seo-content-checklist/,200,200,https://heroicrankings.com/seo/content-creation/seo-content-checklist/,https://heroic-rankings-final.vercel.app/seo/content-creation/seo-content-checklist/,SEO Content Checklist: Optimize Blog Posts That Rank Higher | Heroic Rankings,SEO Content Checklist: Optimize Blog Posts That Rank Higher | Heroic Rankings,y,How to Optimize Blog Posts: An SEO Content Checklist for Writers,How to Optimize Blog Posts: An SEO Content Checklist for Writers,y,https://heroicrankings.com/seo/content-creation/seo-content-checklist/,https://heroicrankings.com/seo/content-creation/seo-content-checklist/,,"noindex, nofollow, nocache","noindex, nofollow, noarchive, nosnippet, noimageindex",BlogPosting,"Article,BreadcrumbList,Organization,WebSite",71,70,3078,3400,1.10,0,1203,488,654521,574217
/seo/content-creation/sonic-branding/,200,200,https://heroicrankings.com/seo/content-creation/sonic-branding/,https://heroic-rankings-final.vercel.app/seo/content-creation/sonic-branding/,Sonic Branding: The Science Behind Memorable Brand Sounds | Heroic Rankings,Sonic Branding: The Science Behind Memorable Brand Sounds | Heroic Rankings,y,Sonic Branding: Why You Can Hear the Netflix &quot;Ta-Dum&quot; in Your Head,Sonic Branding: Why You Can Hear the Netflix &quot;Ta-Dum&quot; in Your Head,y,https://heroicrankings.com/seo/content-creation/sonic-branding/,https://heroicrankings.com/seo/content-creation/sonic-branding/,,"noindex, nofollow, nocache","noindex, nofollow, noarchive, nosnippet, noimageindex",BlogPosting,"Article,BreadcrumbList,Organization,WebSite",62,64,2835,3018,1.06,0,1214,429,638979,542034
/seo/content-creation/top-content-marketing-strategies/,200,200,https://heroicrankings.com/seo/content-creation/top-content-marketing-strategies/,https://heroic-rankings-final.vercel.app/seo/content-creation/top-content-marketing-strategies/,Content Marketing Strategies to Boost Your Brand&#x27;s Impact | Heroic Rankings,Content Marketing Strategies to Boost Your Brand&#x27;s Impact | Heroic Rankings,y,Top Content Marketing Strategies for 2026,Top Content Marketing Strategies for 2026,y,https://heroicrankings.com/seo/content-creation/top-content-marketing-strategies/,https://heroicrankings.com/seo/content-creation/top-content-marketing-strategies/,,"noindex, nofollow, nocache","noindex, nofollow, noarchive, nosnippet, noimageindex",BlogPosting,"Article,BreadcrumbList,Organization,WebSite",57,72,1786,2172,1.22,0,1181,519,611158,508796
/seo/content-creation/topic-clusters-for-seo/,200,200,https://heroicrankings.com/seo/content-creation/topic-clusters-for-seo/,https://heroic-rankings-final.vercel.app/seo/content-creation/topic-clusters-for-seo/,Topic Clusters That Drive Results: From Pillar to Post | Heroic Rankings,Topic Clusters That Drive Results: From Pillar to Post | Heroic Rankings,y,Topic Clusters for SEO: Build Pillar Pages and Content Hubs That Rank,Topic Clusters for SEO: Build Pillar Pages and Content Hubs That Rank,y,https://heroicrankings.com/seo/content-creation/topic-clusters-for-seo/,https://heroicrankings.com/seo/content-creation/topic-clusters-for-seo/,,"noindex, nofollow, nocache","noindex, nofollow, noarchive, nosnippet, noimageindex",BlogPosting,"Article,BreadcrumbList,Organization,WebSite",68,67,3840,4110,1.07,0,1203,606,666755,583650
/seo/content-creation/weird-designs-in-branding/,200,200,https://heroicrankings.com/seo/content-creation/weird-designs-in-branding/,https://heroic-rankings-final.vercel.app/seo/content-creation/weird-designs-in-branding/,"Weird Designs, Big Results: The Anti-Design Branding Strategy | Heroic Rankings","Weird Designs, Big Results: The Anti-Design Branding Strategy | Heroic Rankings",y,The Rise of Anti-Design: Why Weird Designs Are Winning in Modern Branding,The Rise of Anti-Design: Why Weird Designs Are Winning in Modern Branding,y,https://heroicrankings.com/seo/content-creation/weird-designs-in-branding/,https://heroicrankings.com/seo/content-creation/weird-designs-in-branding/,,"noindex, nofollow, nocache","noindex, nofollow, noarchive, nosnippet, noimageindex",BlogPosting,"Article,BreadcrumbList,Organization,WebSite",59,64,2808,3126,1.11,0,1179,330,637991,528171
/seo/content-creation/what-are-organic-keywords/,200,200,https://heroicrankings.com/seo/content-creation/what-are-organic-keywords/,https://heroic-rankings-final.vercel.app/seo/content-creation/what-are-organic-keywords/,What Are Organic Keywords? An SEO Guide | Heroic Rankings,What Are Organic Keywords? An SEO Guide | Heroic Rankings,y,What are Organic Keywords in SEO?,What are Organic Keywords in SEO?,y,https://heroicrankings.com/seo/content-creation/what-are-organic-keywords/,https://heroicrankings.com/seo/content-creation/what-are-organic-keywords/,,"noindex, nofollow, nocache","noindex, nofollow, noarchive, nosnippet, noimageindex",BlogPosting,"Article,BreadcrumbList,Organization,WebSite",64,69,2474,2796,1.13,0,1175,390,628879,535467
/seo/e-commerce/,200,200,https://heroicrankings.com/seo/e-commerce/,https://heroic-rankings-final.vercel.app/seo/e-commerce/,E-commerce SEO Services  | Heroic Rankings,E-commerce SEO Services | Heroic Rankings,n,E-commerce SEO Services,E-commerce SEO Services,y,https://heroicrankings.com/seo/e-commerce/,https://heroicrankings.com/seo/e-commerce/,,"noindex, nofollow, nocache","noindex, nofollow, noarchive, nosnippet, noimageindex",WebPage,"BreadcrumbList,FAQPage,Organization,WebSite",47,60,757,1024,1.35,0,1037,412,667185,499350
/seo/keyword-research/,200,200,https://heroicrankings.com/seo/keyword-research/,https://heroic-rankings-final.vercel.app/seo/keyword-research/,Keyword Strategy Services | Heroic Rankings,Keyword Strategy Services | Heroic Rankings,y,Keyword Strategy Services,Keyword Strategy Services,y,https://heroicrankings.com/seo/keyword-research/,https://heroicrankings.com/seo/keyword-research/,,"noindex, nofollow, nocache","noindex, nofollow, noarchive, nosnippet, noimageindex",WebPage,"BreadcrumbList,FAQPage,Organization,WebSite",48,64,785,1252,1.59,0,1029,262,669339,507448
/seo/keyword-research/difference-between-marketing-and-sales-services/,200,200,https://heroicrankings.com/seo/keyword-research/difference-between-marketing-and-sales-services/,https://heroic-rankings-final.vercel.app/seo/keyword-research/difference-between-marketing-and-sales-services/,Difference Between Marketing And Sales Services | Heroic Rankings,Heroic Rankings,n,Difference Between Marketing and Sales Services: How They Work Together?,,n,https://heroicrankings.com/seo/keyword-research/difference-between-marketing-and-sales-services/,https://heroicrankings.com/,,noindex,"noindex, nofollow, noarchive, nosnippet, noimageindex",BlogPosting,"BreadcrumbList,Organization,WebSite",63,46,1857,153,0.08,0,1283,414,617430,361001
/seo/linkbuilding/,200,200,https://heroicrankings.com/seo/linkbuilding/,https://heroic-rankings-final.vercel.app/seo/linkbuilding/,Link Building | Heroic Rankings,Link Building Services | Heroic Rankings,n,Link Building,Link Building Services,n,https://heroicrankings.com/seo/linkbuilding/,https://heroicrankings.com/seo/linkbuilding/,,"noindex, nofollow, nocache","noindex, nofollow, noarchive, nosnippet, noimageindex",WebPage,"BreadcrumbList,FAQPage,Organization,WebSite",46,60,1321,1585,1.20,0,1213,498,681939,535674
/seo/linkbuilding/backlink-audit-guide/,200,200,https://heroicrankings.com/seo/linkbuilding/backlink-audit-guide/,https://heroic-rankings-final.vercel.app/seo/linkbuilding/backlink-audit-guide/,Backlink Audit Guide to Boost Domain Authority in 2026 | Heroic Rankings,Backlink Audit Guide to Boost Domain Authority in 2026 | Heroic Rankings,y,How To Do A Successful Backlink Audit (2026 Guide),How To Do A Successful Backlink Audit (2026 Guide),y,https://heroicrankings.com/seo/linkbuilding/backlink-audit-guide/,https://heroicrankings.com/seo/linkbuilding/backlink-audit-guide/,,"noindex, nofollow, nocache","noindex, nofollow, noarchive, nosnippet, noimageindex",BlogPosting,"Article,BreadcrumbList,Organization,WebSite",63,65,2983,3188,1.07,0,1373,383,640808,540835
/seo/linkbuilding/backlinks-management/,200,200,https://heroicrankings.com/seo/linkbuilding/backlinks-management/,https://heroic-rankings-final.vercel.app/seo/linkbuilding/backlinks-management/,Mastering Backlinks Management: A Comprehensive Guide for SEO Success | Heroic Rankings,Mastering Backlinks Management: A Comprehensive Guide for SEO Success | Heroic Rankings,y,Mastering Backlinks Management: A Comprehensive Guide for SEO Success,Mastering Backlinks Management: A Comprehensive Guide for SEO Success,y,https://heroicrankings.com/seo/linkbuilding/backlinks-management/,https://heroicrankings.com/seo/linkbuilding/backlinks-management/,,"noindex, nofollow, nocache","noindex, nofollow, noarchive, nosnippet, noimageindex",BlogPosting,"Article,BreadcrumbList,Organization,WebSite",69,79,4059,4413,1.09,0,1592,528,679878,614073
/seo/linkbuilding/benefits-of-link-building/,200,200,https://heroicrankings.com/seo/linkbuilding/benefits-of-link-building/,https://heroic-rankings-final.vercel.app/seo/linkbuilding/benefits-of-link-building/,Benefits Of Link Building In 2026 - Quality Links | Heroic Rankings,Benefits Of Link Building In 2026 - Quality Links | Heroic Rankings,y,Benefits of Link Building in 2026 – How To Make Quality Links?,Benefits of Link Building in 2026 – How To Make Quality Links?,y,https://heroicrankings.com/seo/linkbuilding/benefits-of-link-building/,https://heroicrankings.com/seo/linkbuilding/benefits-of-link-building/,,"noindex, nofollow, nocache","noindex, nofollow, noarchive, nosnippet, noimageindex",BlogPosting,"Article,BreadcrumbList,Organization,WebSite",61,67,1680,2035,1.21,0,1191,563,606696,496919
/seo/linkbuilding/best-backlinks-guide/,404,200,https://heroicrankings.com/seo/linkbuilding/best-backlinks-guide/,https://heroic-rankings-final.vercel.app/seo/linkbuilding/best-backlinks-guide/,Page not found | Heroic Rankings,Heroic Rankings,n,,,y,https://heroicrankings.com/,https://heroicrankings.com/,noindex,"noindex, nofollow, nocache","noindex, nofollow, noarchive, nosnippet, noimageindex",,"BreadcrumbList,Organization,WebSite",0,46,0,151,n/a,0,1175,408,508421,359966
/seo/linkbuilding/craft-stunning-linkable-assets/,200,200,https://heroicrankings.com/seo/linkbuilding/craft-stunning-linkable-assets/,https://heroic-rankings-final.vercel.app/seo/linkbuilding/craft-stunning-linkable-assets/,Top 5 Tips For Crafting Stunning Linkable Asset | Heroic Rankings,Top 5 Tips For Crafting Stunning Linkable Asset | Heroic Rankings,y,Top 5 Tips for Creating a Linkable Asset,Top 5 Tips for Creating a Linkable Asset,y,https://heroicrankings.com/seo/linkbuilding/craft-stunning-linkable-assets/,https://heroicrankings.com/seo/linkbuilding/craft-stunning-linkable-assets/,,"noindex, nofollow, nocache","noindex, nofollow, noarchive, nosnippet, noimageindex",BlogPosting,"Article,BreadcrumbList,Organization,WebSite",53,68,1826,2212,1.21,0,1181,302,612115,511370
/seo/linkbuilding/dofollow-and-nofollow-links/,200,200,https://heroicrankings.com/seo/linkbuilding/dofollow-and-nofollow-links/,https://heroic-rankings-final.vercel.app/seo/linkbuilding/dofollow-and-nofollow-links/,Dofollow vs Nofollow Links: Key Differences Explained | Heroic Rankings,Dofollow vs Nofollow Links: Key Differences Explained | Heroic Rankings,y,What’s the Difference Between Dofollow and Nofollow Links?,What’s the Difference Between Dofollow and Nofollow Links?,y,https://heroicrankings.com/seo/linkbuilding/dofollow-and-nofollow-links/,https://heroicrankings.com/seo/linkbuilding/dofollow-and-nofollow-links/,,"noindex, nofollow, nocache","noindex, nofollow, noarchive, nosnippet, noimageindex",BlogPosting,"Article,BreadcrumbList,Organization,WebSite",71,70,3359,3662,1.09,0,1096,590,657634,578466
/seo/linkbuilding/how-many-backlinks-do-i-need-to-rank/,200,200,https://heroicrankings.com/seo/linkbuilding/how-many-backlinks-do-i-need-to-rank/,https://heroic-rankings-final.vercel.app/seo/linkbuilding/how-many-backlinks-do-i-need-to-rank/,How Many Backlinks Do I Need to Rank on Google in 2026 | Heroic Rankings,How Many Backlinks Do I Need to Rank on Google in 2026 | Heroic Rankings,y,"How Many Backlinks Do I Need to Rank on Google, Really?","How Many Backlinks Do I Need to Rank on Google, Really?",y,https://heroicrankings.com/seo/linkbuilding/how-many-backlinks-do-i-need-to-rank/,https://heroicrankings.com/seo/linkbuilding/how-many-backlinks-do-i-need-to-rank/,,"noindex, nofollow, nocache","noindex, nofollow, noarchive, nosnippet, noimageindex",BlogPosting,"Article,BreadcrumbList,Organization,WebSite",68,66,3766,3952,1.05,0,1101,546,663722,576862
/seo/linkbuilding/how-to-create-a-link-building-strategy/,200,200,https://heroicrankings.com/seo/linkbuilding/how-to-create-a-link-building-strategy/,https://heroic-rankings-final.vercel.app/seo/linkbuilding/how-to-create-a-link-building-strategy/,How To Create A Link Building Strategy - From Scratch | Heroic Rankings,How To Create A Link Building Strategy - From Scratch | Heroic Rankings,y,How to Create a Link Building Strategy – From Scratch,How to Create a Link Building Strategy – From Scratch,y,https://heroicrankings.com/seo/linkbuilding/how-to-create-a-link-building-strategy/,https://heroicrankings.com/seo/linkbuilding/how-to-create-a-link-building-strategy/,,"noindex, nofollow, nocache","noindex, nofollow, noarchive, nosnippet, noimageindex",BlogPosting,"Article,BreadcrumbList,Organization,WebSite",55,70,1778,2165,1.22,0,1020,600,620961,523450
/seo/linkbuilding/international-link-building-guide/,200,200,https://heroicrankings.com/seo/linkbuilding/international-link-building-guide/,https://heroic-rankings-final.vercel.app/seo/linkbuilding/international-link-building-guide/,What Is International Link Building? Full Strategy Guide | Heroic Rankings,What Is International Link Building? Full Strategy Guide | Heroic Rankings,y,What is International Link Building? A Detailed Guide,What is International Link Building? A Detailed Guide,y,https://heroicrankings.com/seo/linkbuilding/international-link-building-guide/,https://heroicrankings.com/seo/linkbuilding/international-link-building-guide/,,"noindex, nofollow, nocache","noindex, nofollow, noarchive, nosnippet, noimageindex",BlogPosting,"Article,BreadcrumbList,Organization,WebSite",66,69,3354,3682,1.10,0,925,420,655846,568941
/seo/linkbuilding/link-authority-essentials/,200,200,https://heroicrankings.com/seo/linkbuilding/link-authority-essentials/,https://heroic-rankings-final.vercel.app/seo/linkbuilding/link-authority-essentials/,What is Link Authority? Building Backlinks That Rank | Heroic Rankings,What is Link Authority? Building Backlinks That Rank | Heroic Rankings,y,Link Authority Essentials: How to Build High Authority Backlinks,Link Authority Essentials: How to Build High Authority Backlinks,y,https://heroicrankings.com/seo/linkbuilding/link-authority-essentials/,https://heroicrankings.com/seo/linkbuilding/link-authority-essentials/,,"noindex, nofollow, nocache","noindex, nofollow, noarchive, nosnippet, noimageindex",BlogPosting,"Article,BreadcrumbList,Organization,WebSite",75,72,3726,4000,1.07,0,1310,380,671391,602433
/seo/linkbuilding/link-building-statistics-2026/,200,200,https://heroicrankings.com/seo/linkbuilding/link-building-statistics-2026/,https://heroic-rankings-final.vercel.app/seo/linkbuilding/link-building-statistics-2026/,Link Building Statistics: How the Industry Is Changing in 2026 | Heroic Rankings,Link Building Statistics: How the Industry Is Changing in 2026 | Heroic Rankings,y,Link Building Statistics in 2026: Future Trends and Key Takeaways,Link Building Statistics in 2026: Future Trends and Key Takeaways,y,https://heroicrankings.com/seo/linkbuilding/link-building-statistics-2026/,https://heroicrankings.com/seo/linkbuilding/link-building-statistics-2026/,,"noindex, nofollow, nocache","noindex, nofollow, noarchive, nosnippet, noimageindex",BlogPosting,"Article,BreadcrumbList,Organization,WebSite",70,65,2750,2843,1.03,0,1304,415,633893,530457
/seo/linkbuilding/link-earning-strategies/,200,200,https://heroicrankings.com/seo/linkbuilding/link-earning-strategies/,https://heroic-rankings-final.vercel.app/seo/linkbuilding/link-earning-strategies/,Link Earning | 5 Strategies To Get More Backlinks | Heroic Rankings,Link Earning | 5 Strategies To Get More Backlinks | Heroic Rankings,y,Link Earning: 5 Strategies to Get More Backlinks,Link Earning: 5 Strategies to Get More Backlinks,y,https://heroicrankings.com/seo/linkbuilding/link-earning-strategies/,https://heroicrankings.com/seo/linkbuilding/link-earning-strategies/,,"noindex, nofollow, nocache","noindex, nofollow, noarchive, nosnippet, noimageindex",BlogPosting,"Article,BreadcrumbList,Organization,WebSite",54,69,1829,2216,1.21,0,1289,502,608124,510852
/seo/linkbuilding/link-exchange/,200,200,https://heroicrankings.com/seo/linkbuilding/link-exchange/,https://heroic-rankings-final.vercel.app/seo/linkbuilding/link-exchange/,Link Exchanges In SEO - Skyrocket Your Authority In 2026 | Heroic Rankings,Link Exchanges In SEO - Skyrocket Your Authority In 2026 | Heroic Rankings,y,Link Exchanges in SEO – Complete Guide for 2026,Link Exchanges in SEO – Complete Guide for 2026,y,https://heroicrankings.com/seo/linkbuilding/link-exchange/,https://heroicrankings.com/seo/linkbuilding/link-exchange/,,"noindex, nofollow, nocache","noindex, nofollow, noarchive, nosnippet, noimageindex",BlogPosting,"Article,BreadcrumbList,Organization,WebSite",66,69,3518,3846,1.09,0,1408,312,663211,587884
/seo/linkbuilding/outsourcing-link-building/,200,200,https://heroicrankings.com/seo/linkbuilding/outsourcing-link-building/,https://heroic-rankings-final.vercel.app/seo/linkbuilding/outsourcing-link-building/,"Outsourcing Link Building. 2026 Checklist for Quality, Process &amp; Results | Heroic Rankings","Outsourcing Link Building. 2026 Checklist for Quality, Process &amp; Results | Heroic Rankings",y,Outsourcing Link Building (2026 Tips &amp; Tricks),Outsourcing Link Building (2026 Tips &amp; Tricks),y,https://heroicrankings.com/seo/linkbuilding/outsourcing-link-building/,https://heroicrankings.com/seo/linkbuilding/outsourcing-link-building/,,"noindex, nofollow, nocache","noindex, nofollow, noarchive, nosnippet, noimageindex",BlogPosting,"Article,BreadcrumbList,Organization,WebSite",65,75,2879,3240,1.13,0,1386,486,647993,566098
/seo/local/,200,200,https://heroicrankings.com/seo/local/,https://heroic-rankings-final.vercel.app/seo/local/,Local SEO Services  | Heroic Rankings,Local SEO Services | Heroic Rankings,n,Local SEO Services,Local SEO Services,y,https://heroicrankings.com/seo/local/,https://heroicrankings.com/seo/local/,,"noindex, nofollow, nocache","noindex, nofollow, noarchive, nosnippet, noimageindex",WebPage,"BreadcrumbList,FAQPage,Organization,WebSite",49,60,885,1016,1.15,0,1387,491,679510,495663
/seo/local/web-summit-lisbon-2023/,200,200,https://heroicrankings.com/seo/local/web-summit-lisbon-2023/,https://heroic-rankings-final.vercel.app/seo/local/web-summit-lisbon-2023/,Heroic Rankings At Web Summit Lisbon 2023 | Heroic Rankings,Heroic Rankings,n,Heroic Rankings at Web Summit Lisbon 2023,,n,https://heroicrankings.com/seo/local/web-summit-lisbon-2023/,https://heroicrankings.com/,,"noindex, nofollow, nocache","noindex, nofollow, noarchive, nosnippet, noimageindex",BlogPosting,"BreadcrumbList,Organization,WebSite",58,46,2050,151,0.07,0,1374,319,616764,359834
/seo/managed/5-reasons-your-seo-campaign-isnt-giving-you-the-results-you-want/,200,200,https://heroicrankings.com/seo/managed/5-reasons-your-seo-campaign-isnt-giving-you-the-results-you-want/,https://heroic-rankings-final.vercel.app/seo/managed/5-reasons-your-seo-campaign-isnt-giving-you-the-results-you-want/,Top 5 Reasons Why Your SEO Campaign is Falling Short | Heroic Rankings,Top 5 Reasons Why Your SEO Campaign is Falling Short | Heroic Rankings,y,5 Reasons Your SEO Campaign Isn’t Giving You the Results You Want,5 Reasons Your SEO Campaign Isn’t Giving You the Results You Want,y,https://heroicrankings.com/seo/managed/5-reasons-your-seo-campaign-isnt-giving-you-the-results-you-want/,https://heroicrankings.com/seo/managed/5-reasons-your-seo-campaign-isnt-giving-you-the-results-you-want/,,"noindex, nofollow, nocache","noindex, nofollow, noarchive, nosnippet, noimageindex",BlogPosting,"Article,BreadcrumbList,Organization,WebSite",53,68,1676,2064,1.23,0,1006,246,610409,502824
/seo/managed/ahrefs-vs-majestic-comparison/,200,200,https://heroicrankings.com/seo/managed/ahrefs-vs-majestic-comparison/,https://heroic-rankings-final.vercel.app/seo/managed/ahrefs-vs-majestic-comparison/,Ahrefs vs Majestic: The Complete Comparison for 2026 | Heroic Rankings,Heroic Rankings,n,"Ahrefs vs Majestic: Performance, Features, and Key Differences",,n,https://heroicrankings.com/seo/managed/ahrefs-vs-majestic-comparison/,https://heroicrankings.com/,,"noindex, nofollow, nocache","noindex, nofollow, noarchive, nosnippet, noimageindex",BlogPosting,"BreadcrumbList,Organization,WebSite",69,46,3053,151,0.05,0,1203,502,658327,359980
/seo/managed/ahrefs-vs-moz-comparison/,200,200,https://heroicrankings.com/seo/managed/ahrefs-vs-moz-comparison/,https://heroic-rankings-final.vercel.app/seo/managed/ahrefs-vs-moz-comparison/,Ahrefs vs Moz: The Complete Comparison for 2026 | Heroic Rankings,Ahrefs vs Moz: The Complete Comparison for 2026 | Heroic Rankings,y,"Ahrefs vs Moz: Performance, Features, and Key Differences","Ahrefs vs Moz: Performance, Features, and Key Differences",y,https://heroicrankings.com/seo/managed/ahrefs-vs-moz-comparison/,https://heroicrankings.com/seo/managed/ahrefs-vs-moz-comparison/,,"noindex, nofollow, nocache","noindex, nofollow, noarchive, nosnippet, noimageindex",BlogPosting,"Article,BreadcrumbList,Organization,WebSite",69,68,3702,3737,1.01,0,1222,644,684435,587259
/seo/managed/best-ahrefs-alternatives/,200,200,https://heroicrankings.com/seo/managed/best-ahrefs-alternatives/,https://heroic-rankings-final.vercel.app/seo/managed/best-ahrefs-alternatives/,Top 8 Ahrefs Alternatives for Every Budget | Heroic Rankings,Top 8 Ahrefs Alternatives for Every Budget | Heroic Rankings,y,Top 8 Ahrefs Alternatives (Free and Paid),Top 8 Ahrefs Alternatives (Free and Paid),y,https://heroicrankings.com/seo/managed/best-ahrefs-alternatives/,https://heroicrankings.com/seo/managed/best-ahrefs-alternatives/,,"noindex, nofollow, nocache","noindex, nofollow, noarchive, nosnippet, noimageindex",BlogPosting,"Article,BreadcrumbList,Organization,WebSite",57,64,3397,3752,1.10,0,1416,581,679154,620462
/seo/managed/best-competitor-analysis-tools/,200,200,https://heroicrankings.com/seo/managed/best-competitor-analysis-tools/,https://heroic-rankings-final.vercel.app/seo/managed/best-competitor-analysis-tools/,Best Competitor Analysis Tools in 2026: Top 15 Platforms Compared | Heroic Rankings,Best Competitor Analysis Tools in 2026: Top 15 Platforms Compared | Heroic Rankings,y,Top 15 Competitor Analysis Tools in 2026,Top 15 Competitor Analysis Tools in 2026,y,https://heroicrankings.com/seo/managed/best-competitor-analysis-tools/,https://heroicrankings.com/seo/managed/best-competitor-analysis-tools/,,"noindex, nofollow, nocache","noindex, nofollow, noarchive, nosnippet, noimageindex",BlogPosting,"Article,BreadcrumbList,Organization,WebSite",138,79,5445,5502,1.01,0,1435,533,780198,779805
/seo/managed/best-google-trends-alternatives/,200,200,https://heroicrankings.com/seo/managed/best-google-trends-alternatives/,https://heroic-rankings-final.vercel.app/seo/managed/best-google-trends-alternatives/,Top 7 Google Trends Alternatives for Every Budget | Heroic Rankings,Top 7 Google Trends Alternatives for Every Budget | Heroic Rankings,y,Top 7 Google Trends Alternatives,Top 7 Google Trends Alternatives,y,https://heroicrankings.com/seo/managed/best-google-trends-alternatives/,https://heroicrankings.com/seo/managed/best-google-trends-alternatives/,,"noindex, nofollow, nocache","noindex, nofollow, noarchive, nosnippet, noimageindex",BlogPosting,"Article,BreadcrumbList,Organization,WebSite",58,66,2846,3210,1.13,0,1389,485,630306,528692
/seo/managed/cro-statistics-2026/,200,200,https://heroicrankings.com/seo/managed/cro-statistics-2026/,https://heroic-rankings-final.vercel.app/seo/managed/cro-statistics-2026/,CRO Statistics: Key Trends &amp; Benchmarks for 2026 | Heroic Rankings,CRO Statistics: Key Trends &amp; Benchmarks for 2026 | Heroic Rankings,y,Conversion Rate Optimization Statistics in 2026: Future Trends and Key Takeaways,Conversion Rate Optimization Statistics in 2026: Future Trends and Key Takeaways,y,https://heroicrankings.com/seo/managed/cro-statistics-2026/,https://heroicrankings.com/seo/managed/cro-statistics-2026/,,"noindex, nofollow, nocache","noindex, nofollow, noarchive, nosnippet, noimageindex",BlogPosting,"Article,BreadcrumbList,Organization,WebSite",74,74,2363,2415,1.02,0,1374,418,627844,523185
/seo/managed/google-ai-overview-statistics-2026/,200,200,https://heroicrankings.com/seo/managed/google-ai-overview-statistics-2026/,https://heroic-rankings-final.vercel.app/seo/managed/google-ai-overview-statistics-2026/,Google AI Overview Statistics: 2026 Trends and Impact | Heroic Rankings,Google AI Overview Statistics: 2026 Trends and Impact | Heroic Rankings,y,Google AI Overview Statistics in 2026: Future Trends and Key Takeaways,Google AI Overview Statistics in 2026: Future Trends and Key Takeaways,y,https://heroicrankings.com/seo/managed/google-ai-overview-statistics-2026/,https://heroicrankings.com/seo/managed/google-ai-overview-statistics-2026/,,"noindex, nofollow, nocache","noindex, nofollow, noarchive, nosnippet, noimageindex",BlogPosting,"Article,BreadcrumbList,Organization,WebSite",58,72,2280,2532,1.11,0,1168,561,630798,525566
/seo/managed/google-search-statistics-and-trends/,200,200,https://heroicrankings.com/seo/managed/google-search-statistics-and-trends/,https://heroic-rankings-final.vercel.app/seo/managed/google-search-statistics-and-trends/,Google Search Statistics 2026: Key Trends &amp; Top Insights | Heroic Rankings,Google Search Statistics 2026: Key Trends &amp; Top Insights | Heroic Rankings,y,Google Search Statistics in 2026: Future Trends and Key Takeaways,Google Search Statistics in 2026: Future Trends and Key Takeaways,y,https://heroicrankings.com/seo/managed/google-search-statistics-and-trends/,https://heroicrankings.com/seo/managed/google-search-statistics-and-trends/,,"noindex, nofollow, nocache","noindex, nofollow, noarchive, nosnippet, noimageindex",BlogPosting,"Article,BreadcrumbList,Organization,WebSite",79,74,2514,2678,1.07,0,1310,436,630937,533761
/seo/managed/how-many-ads-do-we-see-a-day/,200,200,https://heroicrankings.com/seo/managed/how-many-ads-do-we-see-a-day/,https://heroic-rankings-final.vercel.app/seo/managed/how-many-ads-do-we-see-a-day/,How Many Ads Do We See A Day? (A Statistics Deep Dive) | Heroic Rankings,How Many Ads Do We See A Day? (A Statistics Deep Dive) | Heroic Rankings,y,How Many Ads Do We See A Day? Top Trends &amp; Statistics,How Many Ads Do We See A Day? Top Trends &amp; Statistics,y,https://heroicrankings.com/seo/managed/how-many-ads-do-we-see-a-day/,https://heroicrankings.com/seo/managed/how-many-ads-do-we-see-a-day/,,"noindex, nofollow, nocache","noindex, nofollow, noarchive, nosnippet, noimageindex",BlogPosting,"Article,BreadcrumbList,Organization,WebSite",73,73,2754,2836,1.03,0,1364,490,628975,527892
/seo/managed/how-to-do-market-research-guide/,200,200,https://heroicrankings.com/seo/managed/how-to-do-market-research-guide/,https://heroic-rankings-final.vercel.app/seo/managed/how-to-do-market-research-guide/,"How to Do Market Research: A Clear, Practical Guide for Smarter Decisions | Heroic Rankings","How to Do Market Research: A Clear, Practical Guide for Smarter Decisions | Heroic Rankings",y,Market Research Made Simple: A Practical Guide to Exploring New Opportunities,Market Research Made Simple: A Practical Guide to Exploring New Opportunities,y,https://heroicrankings.com/seo/managed/how-to-do-market-research-guide/,https://heroicrankings.com/seo/managed/how-to-do-market-research-guide/,,"noindex, nofollow, nocache","noindex, nofollow, noarchive, nosnippet, noimageindex",BlogPosting,"Article,BreadcrumbList,Organization,WebSite",74,69,4350,4623,1.06,0,1366,481,690874,622104
/seo/managed/marketing-fundamentals/,200,200,https://heroicrankings.com/seo/managed/marketing-fundamentals/,https://heroic-rankings-final.vercel.app/seo/managed/marketing-fundamentals/,Marketing Fundamentals: A Practical Guide to Marketing Basics | Heroic Rankings,Marketing Fundamentals: A Practical Guide to Marketing Basics | Heroic Rankings,y,Marketing Fundamentals: A Foundational Guide,Marketing Fundamentals: A Foundational Guide,y,https://heroicrankings.com/seo/managed/marketing-fundamentals/,https://heroicrankings.com/seo/managed/marketing-fundamentals/,,"noindex, nofollow, nocache","noindex, nofollow, noarchive, nosnippet, noimageindex",BlogPosting,"Article,BreadcrumbList,Organization,WebSite",75,70,4513,4805,1.06,0,1313,488,696124,628952
/seo/managed/marketing-mistakes-you-need-to-stop-making/,200,200,https://heroicrankings.com/seo/managed/marketing-mistakes-you-need-to-stop-making/,https://heroic-rankings-final.vercel.app/seo/managed/marketing-mistakes-you-need-to-stop-making/,5 Marketing Mistakes That Could Hurt Your Brand in 2026 | Heroic Rankings,5 Marketing Mistakes That Could Hurt Your Brand in 2026 | Heroic Rankings,y,5 Marketing Mistakes You Need to Stop Making in 2026,5 Marketing Mistakes You Need to Stop Making in 2026,y,https://heroicrankings.com/seo/managed/marketing-mistakes-you-need-to-stop-making/,https://heroicrankings.com/seo/managed/marketing-mistakes-you-need-to-stop-making/,,"noindex, nofollow, nocache","noindex, nofollow, noarchive, nosnippet, noimageindex",BlogPosting,"Article,BreadcrumbList,Organization,WebSite",54,69,1804,2192,1.22,0,1127,418,613922,513840
/seo/managed/saas-seo-strategies/,200,200,https://heroicrankings.com/seo/managed/saas-seo-strategies/,https://heroic-rankings-final.vercel.app/seo/managed/saas-seo-strategies/,SaaS SEO in 2026 - Overcoming Challenges and Proven Strategies for Growth | Heroic Rankings,SaaS SEO in 2026 - Overcoming Challenges and Proven Strategies for Growth | Heroic Rankings,y,SEO for SaaS: Overcoming Challenges and Finding Effective Solutions,SEO for SaaS: Overcoming Challenges and Finding Effective Solutions,y,https://heroicrankings.com/seo/managed/saas-seo-strategies/,https://heroicrankings.com/seo/managed/saas-seo-strategies/,,"noindex, nofollow, nocache","noindex, nofollow, noarchive, nosnippet, noimageindex",BlogPosting,"Article,BreadcrumbList,Organization,WebSite",70,70,3333,3616,1.08,0,1217,329,658485,576910
/seo/managed/screaming-frog-vs-ahrefs-comparison/,200,200,https://heroicrankings.com/seo/managed/screaming-frog-vs-ahrefs-comparison/,https://heroic-rankings-final.vercel.app/seo/managed/screaming-frog-vs-ahrefs-comparison/,Screaming Frog vs Ahrefs: The Complete Comparison for 2026 | Heroic Rankings,Screaming Frog vs Ahrefs: The Complete Comparison for 2026 | Heroic Rankings,y,"Screaming Frog vs Ahrefs: Performance, Features, and Key Differences","Screaming Frog vs Ahrefs: Performance, Features, and Key Differences",y,https://heroicrankings.com/seo/managed/screaming-frog-vs-ahrefs-comparison/,https://heroicrankings.com/seo/managed/screaming-frog-vs-ahrefs-comparison/,,"noindex, nofollow, nocache","noindex, nofollow, noarchive, nosnippet, noimageindex",BlogPosting,"Article,BreadcrumbList,Organization,WebSite",66,64,3435,3366,0.98,0,1281,363,677309,569890
/seo/managed/seo-principles-to-boost-your-rank/,200,200,https://heroicrankings.com/seo/managed/seo-principles-to-boost-your-rank/,https://heroic-rankings-final.vercel.app/seo/managed/seo-principles-to-boost-your-rank/,Top 7 SEO principles for boosting Your Website’s Ranking | Heroic Rankings,Top 7 SEO principles for boosting Your Website’s Ranking | Heroic Rankings,y,7 Best SEO Principles You Should Follow to Boost Your Rank,7 Best SEO Principles You Should Follow to Boost Your Rank,y,https://heroicrankings.com/seo/managed/seo-principles-to-boost-your-rank/,https://heroicrankings.com/seo/managed/seo-principles-to-boost-your-rank/,,"noindex, nofollow, nocache","noindex, nofollow, noarchive, nosnippet, noimageindex",BlogPosting,"Article,BreadcrumbList,Organization,WebSite",54,68,1917,2170,1.13,0,1145,280,620972,516322
/seo/managed/seo-proposal-breakdown/,200,200,https://heroicrankings.com/seo/managed/seo-proposal-breakdown/,https://heroic-rankings-final.vercel.app/seo/managed/seo-proposal-breakdown/,How to Write an SEO Proposal That Wins Clients | Heroic Rankings,How to Write an SEO Proposal That Wins Clients | Heroic Rankings,y,SEO Proposal Breakdown: From First Call to Signed Contract,SEO Proposal Breakdown: From First Call to Signed Contract,y,https://heroicrankings.com/seo/managed/seo-proposal-breakdown/,https://heroicrankings.com/seo/managed/seo-proposal-breakdown/,,"noindex, nofollow, nocache","noindex, nofollow, noarchive, nosnippet, noimageindex",BlogPosting,"Article,BreadcrumbList,Organization,WebSite",73,71,3477,3644,1.05,0,1374,580,663178,582387
/seo/managed/surfer-seo-vs-ahrefs-comparison/,200,200,https://heroicrankings.com/seo/managed/surfer-seo-vs-ahrefs-comparison/,https://heroic-rankings-final.vercel.app/seo/managed/surfer-seo-vs-ahrefs-comparison/,Surfer SEO vs Ahrefs: The Complete Comparison for 2026 | Heroic Rankings,Surfer SEO vs Ahrefs: The Complete Comparison for 2026 | Heroic Rankings,y,"Surfer SEO vs Ahrefs: Performance, Features, and Key Differences","Surfer SEO vs Ahrefs: Performance, Features, and Key Differences",y,https://heroicrankings.com/seo/managed/surfer-seo-vs-ahrefs-comparison/,https://heroicrankings.com/seo/managed/surfer-seo-vs-ahrefs-comparison/,,"noindex, nofollow, nocache","noindex, nofollow, noarchive, nosnippet, noimageindex",BlogPosting,"Article,BreadcrumbList,Organization,WebSite",69,68,3464,3578,1.03,0,1317,526,686640,586733
/seo/managed/the-psychology-of-email-fatigue/,200,200,https://heroicrankings.com/seo/managed/the-psychology-of-email-fatigue/,https://heroic-rankings-final.vercel.app/seo/managed/the-psychology-of-email-fatigue/,Why You Can’t Unsubscribe: The Psychology Behind Email Fatigue | Heroic Rankings,Why You Can’t Unsubscribe: The Psychology Behind Email Fatigue | Heroic Rankings,y,The Psychology of Email Fatigue: What Happens After the Subscribe Button,The Psychology of Email Fatigue: What Happens After the Subscribe Button,y,https://heroicrankings.com/seo/managed/the-psychology-of-email-fatigue/,https://heroicrankings.com/seo/managed/the-psychology-of-email-fatigue/,,"noindex, nofollow, nocache","noindex, nofollow, noarchive, nosnippet, noimageindex",BlogPosting,"Article,BreadcrumbList,Organization,WebSite",53,66,2892,3261,1.13,0,1396,468,637896,538894
/seo/managed/top-backlink-analysis-tools-in-2026/,200,200,https://heroicrankings.com/seo/managed/top-backlink-analysis-tools-in-2026/,https://heroic-rankings-final.vercel.app/seo/managed/top-backlink-analysis-tools-in-2026/,Best Backlink Analysis Tools: Top 7 SEO Platforms | Heroic Rankings,Best Backlink Analysis Tools: Top 7 SEO Platforms | Heroic Rankings,y,Top 7 Tools for Backlink Analysis,Top 7 Tools for Backlink Analysis,y,https://heroicrankings.com/seo/managed/top-backlink-analysis-tools-in-2026/,https://heroicrankings.com/seo/managed/top-backlink-analysis-tools-in-2026/,,"noindex, nofollow, nocache","noindex, nofollow, noarchive, nosnippet, noimageindex",BlogPosting,"Article,BreadcrumbList,Organization,WebSite",57,72,2463,2847,1.16,0,1359,558,645899,570300
/seo/managed/top-link-building-tools-in-2026/,200,200,https://heroicrankings.com/seo/managed/top-link-building-tools-in-2026/,https://heroic-rankings-final.vercel.app/seo/managed/top-link-building-tools-in-2026/,Best Link Building Tools to Boost Your SEO | Heroic Rankings,Best Link Building Tools to Boost Your SEO | Heroic Rankings,y,Top 10 Link Building Tools in 2026,Top 10 Link Building Tools in 2026,y,https://heroicrankings.com/seo/managed/top-link-building-tools-in-2026/,https://heroicrankings.com/seo/managed/top-link-building-tools-in-2026/,,"noindex, nofollow, nocache","noindex, nofollow, noarchive, nosnippet, noimageindex",BlogPosting,"Article,BreadcrumbList,Organization,WebSite",62,66,2802,3027,1.08,0,1344,261,672132,606738
/seo/on-page/,200,200,https://heroicrankings.com/seo/on-page/,https://heroic-rankings-final.vercel.app/seo/on-page/,On-Page SEO Services | Heroic Rankings,On-Page SEO Services | Heroic Rankings,y,On-Page SEO Services,On-Page SEO Services,y,https://heroicrankings.com/seo/on-page/,https://heroicrankings.com/seo/on-page/,,"noindex, nofollow, nocache","noindex, nofollow, noarchive, nosnippet, noimageindex",WebPage,"BreadcrumbList,FAQPage,Organization,WebSite",49,60,876,1015,1.16,0,1268,536,669522,492813
/seo/on-page/ai-for-seo-new-approaches/,200,200,https://heroicrankings.com/seo/on-page/ai-for-seo-new-approaches/,https://heroic-rankings-final.vercel.app/seo/on-page/ai-for-seo-new-approaches/,AI For SEO | 5 New AI SEO Approaches To Keyword Analysis | Heroic Rankings,AI For SEO | 5 New AI SEO Approaches To Keyword Analysis | Heroic Rankings,y,5 New Uses of AI for SEO: AI Approaches for Boosting Your Keyword Analysis and Implementation,5 New Uses of AI for SEO: AI Approaches for Boosting Your Keyword Analysis and Implementation,y,https://heroicrankings.com/seo/on-page/ai-for-seo-new-approaches/,https://heroicrankings.com/seo/on-page/ai-for-seo-new-approaches/,,"noindex, nofollow, nocache","noindex, nofollow, noarchive, nosnippet, noimageindex",BlogPosting,"Article,BreadcrumbList,Organization,WebSite",54,69,1774,2163,1.22,0,1102,499,610444,518205
/seo/on-page/b2b-seo-solutions-2026/,200,200,https://heroicrankings.com/seo/on-page/b2b-seo-solutions-2026/,https://heroic-rankings-final.vercel.app/seo/on-page/b2b-seo-solutions-2026/,A Guide To B2B SEO Solutions | Optimizing For Success | Heroic Rankings,A Guide To B2B SEO Solutions | Optimizing For Success | Heroic Rankings,y,A Guide to B2B SEO Solutions in 2026: Optimizing for Success,A Guide to B2B SEO Solutions in 2026: Optimizing for Success,y,https://heroicrankings.com/seo/on-page/b2b-seo-solutions-2026/,https://heroicrankings.com/seo/on-page/b2b-seo-solutions-2026/,,"noindex, nofollow, nocache","noindex, nofollow, noarchive, nosnippet, noimageindex",BlogPosting,"Article,BreadcrumbList,Organization,WebSite",105,94,5073,5270,1.04,0,1510,369,746546,757570
/seo/on-page/dive-into-google-algorithm-updates-2023/,200,200,https://heroicrankings.com/seo/on-page/dive-into-google-algorithm-updates-2023/,https://heroic-rankings-final.vercel.app/seo/on-page/dive-into-google-algorithm-updates-2023/,Google Algorithm Updates In 2023 | Things You&#x27;ve Missed | Heroic Rankings,Google Algorithm Updates In 2023 | Things You&#x27;ve Missed | Heroic Rankings,y,A Dive into Google Algorithm Updates in 2023,A Dive into Google Algorithm Updates in 2023,y,https://heroicrankings.com/seo/on-page/dive-into-google-algorithm-updates-2023/,https://heroicrankings.com/seo/on-page/dive-into-google-algorithm-updates-2023/,,"noindex, nofollow, nocache","noindex, nofollow, noarchive, nosnippet, noimageindex",BlogPosting,"Article,BreadcrumbList,Organization,WebSite",56,71,1839,2225,1.21,0,1107,402,616320,524576
/seo/on-page/first-step-in-marketing-research-process/,200,200,https://heroicrankings.com/seo/on-page/first-step-in-marketing-research-process/,https://heroic-rankings-final.vercel.app/seo/on-page/first-step-in-marketing-research-process/,What Is The First Step In The Marketing Research Process? | Heroic Rankings,What Is The First Step In The Marketing Research Process? | Heroic Rankings,y,What Is the First Step in the Marketing Research Process? - Everything You Need to Know,What Is the First Step in the Marketing Research Process? - Everything You Need to Know,y,https://heroicrankings.com/seo/on-page/first-step-in-marketing-research-process/,https://heroicrankings.com/seo/on-page/first-step-in-marketing-research-process/,,"noindex, nofollow, nocache","noindex, nofollow, noarchive, nosnippet, noimageindex",BlogPosting,"Article,BreadcrumbList,Organization,WebSite",60,70,1428,1799,1.26,0,1083,398,611608,512848
/seo/on-page/guide-to-keyword-research-strategies/,200,200,https://heroicrankings.com/seo/on-page/guide-to-keyword-research-strategies/,https://heroic-rankings-final.vercel.app/seo/on-page/guide-to-keyword-research-strategies/,Guide To Mastering Keyword Research | Top Strategies 2026 | Heroic Rankings,Guide To Mastering Keyword Research | Top Strategies 2026 | Heroic Rankings,y,A 2026 Guide to Mastering Keyword Research: Top Strategies and Tools,A 2026 Guide to Mastering Keyword Research: Top Strategies and Tools,y,https://heroicrankings.com/seo/on-page/guide-to-keyword-research-strategies/,https://heroicrankings.com/seo/on-page/guide-to-keyword-research-strategies/,,"noindex, nofollow, nocache","noindex, nofollow, noarchive, nosnippet, noimageindex",BlogPosting,"Article,BreadcrumbList,Organization,WebSite",53,68,1740,2128,1.22,0,1076,493,604619,504539
/seo/on-page/how-to-add-schema-markup/,200,200,https://heroicrankings.com/seo/on-page/how-to-add-schema-markup/,https://heroic-rankings-final.vercel.app/seo/on-page/how-to-add-schema-markup/,Schema Markup SEO Checklist: How to Optimize Blog Posts | Heroic Rankings,Schema Markup SEO Checklist: How to Optimize Blog Posts | Heroic Rankings,y,Schema Markup in 2026: Boosting Click-Through Rates the Smart Way,Schema Markup in 2026: Boosting Click-Through Rates the Smart Way,y,https://heroicrankings.com/seo/on-page/how-to-add-schema-markup/,https://heroicrankings.com/seo/on-page/how-to-add-schema-markup/,,"noindex, nofollow, nocache","noindex, nofollow, noarchive, nosnippet, noimageindex",BlogPosting,"Article,BreadcrumbList,Organization,WebSite",71,69,3415,3600,1.05,0,1183,333,659787,579773
/seo/on-page/how-to-do-an-internal-link-audit/,200,200,https://heroicrankings.com/seo/on-page/how-to-do-an-internal-link-audit/,https://heroic-rankings-final.vercel.app/seo/on-page/how-to-do-an-internal-link-audit/,Internal Link Audit Guide: How to Find &amp; Fix Internal Linking Issues | Heroic Rankings,Internal Link Audit Guide: How to Find &amp; Fix Internal Linking Issues | Heroic Rankings,y,How to Do an Internal Link Audit (Complete Guide),How to Do an Internal Link Audit (Complete Guide),y,https://heroicrankings.com/seo/on-page/how-to-do-an-internal-link-audit/,https://heroicrankings.com/seo/on-page/how-to-do-an-internal-link-audit/,,"noindex, nofollow, nocache","noindex, nofollow, noarchive, nosnippet, noimageindex",BlogPosting,"Article,BreadcrumbList,Organization,WebSite",53,68,2381,2768,1.16,0,940,565,631033,523983
/seo/on-page/how-to-grow-your-business-online/,200,200,https://heroicrankings.com/seo/on-page/how-to-grow-your-business-online/,https://heroic-rankings-final.vercel.app/seo/on-page/how-to-grow-your-business-online/,Best Strategies To Grow Your Business Online (2026 Guide) | Heroic Rankings,Best Strategies To Grow Your Business Online (2026 Guide) | Heroic Rankings,y,How to Grow Your Business Online: Build a Brand People Love,How to Grow Your Business Online: Build a Brand People Love,y,https://heroicrankings.com/seo/on-page/how-to-grow-your-business-online/,https://heroicrankings.com/seo/on-page/how-to-grow-your-business-online/,,"noindex, nofollow, nocache","noindex, nofollow, noarchive, nosnippet, noimageindex",BlogPosting,"Article,BreadcrumbList,Organization,WebSite",53,67,1717,2108,1.23,0,923,267,608859,507679
/seo/on-page/international-seo/,200,200,https://heroicrankings.com/seo/on-page/international-seo/,https://heroic-rankings-final.vercel.app/seo/on-page/international-seo/,How to Use International SEO to Maximize Online Presence | Heroic Rankings,How to Use International SEO to Maximize Online Presence | Heroic Rankings,y,Maximize Your Online Presence with International SEO,Maximize Your Online Presence with International SEO,y,https://heroicrankings.com/seo/on-page/international-seo/,https://heroicrankings.com/seo/on-page/international-seo/,,"noindex, nofollow, nocache","noindex, nofollow, noarchive, nosnippet, noimageindex",BlogPosting,"Article,BreadcrumbList,Organization,WebSite",80,84,3805,4135,1.09,0,1284,480,683729,620336
/seo/on-page/lets-discuss-google-search-updates/,200,200,https://heroicrankings.com/seo/on-page/lets-discuss-google-search-updates/,https://heroic-rankings-final.vercel.app/seo/on-page/lets-discuss-google-search-updates/,Let’s Discuss Google Search Updates | Heroic Rankings,Let’s Discuss Google Search Updates | Heroic Rankings,y,Let’s Discuss Google Search Updates,Let’s Discuss Google Search Updates,y,https://heroicrankings.com/seo/on-page/lets-discuss-google-search-updates/,https://heroicrankings.com/seo/on-page/lets-discuss-google-search-updates/,,"noindex, nofollow, nocache","noindex, nofollow, noarchive, nosnippet, noimageindex",BlogPosting,"Article,BreadcrumbList,Organization,WebSite",51,66,1301,1701,1.31,0,1284,497,593681,493440
/seo/on-page/mobile-seo-checklist-best-practices/,200,200,https://heroicrankings.com/seo/on-page/mobile-seo-checklist-best-practices/,https://heroic-rankings-final.vercel.app/seo/on-page/mobile-seo-checklist-best-practices/,Essential Mobile SEO Checklist for Better Search Visibility | Heroic Rankings,Essential Mobile SEO Checklist for Better Search Visibility | Heroic Rankings,y,Mobile SEO Checklist: Best Practices for 2026,Mobile SEO Checklist: Best Practices for 2026,y,https://heroicrankings.com/seo/on-page/mobile-seo-checklist-best-practices/,https://heroicrankings.com/seo/on-page/mobile-seo-checklist-best-practices/,,"noindex, nofollow, nocache","noindex, nofollow, noarchive, nosnippet, noimageindex",BlogPosting,"Article,BreadcrumbList,Organization,WebSite",63,66,2900,3226,1.11,0,1305,399,642963,551396
/seo/on-page/outdated-seo-practices-to-avoid-in-2026/,200,200,https://heroicrankings.com/seo/on-page/outdated-seo-practices-to-avoid-in-2026/,https://heroic-rankings-final.vercel.app/seo/on-page/outdated-seo-practices-to-avoid-in-2026/,Outdated SEO Practices to Avoid: Stay Ahead in 2026 | Heroic Rankings,Outdated SEO Practices to Avoid: Stay Ahead in 2026 | Heroic Rankings,y,Outdated SEO Practices to Avoid in 2026,Outdated SEO Practices to Avoid in 2026,y,https://heroicrankings.com/seo/on-page/outdated-seo-practices-to-avoid-in-2026/,https://heroicrankings.com/seo/on-page/outdated-seo-practices-to-avoid-in-2026/,,"noindex, nofollow, nocache","noindex, nofollow, noarchive, nosnippet, noimageindex",BlogPosting,"Article,BreadcrumbList,Organization,WebSite",52,67,1722,2110,1.23,0,1311,504,608740,509344
/seo/on-page/process-that-affects-visibility-of-website/,200,200,https://heroicrankings.com/seo/on-page/process-that-affects-visibility-of-website/,https://heroic-rankings-final.vercel.app/seo/on-page/process-that-affects-visibility-of-website/,SEO - Process That Affects the Visibility of a Website | Heroic Rankings,SEO - Process That Affects the Visibility of a Website | Heroic Rankings,y,SEO – The Process That Affects the Visibility of a Website,SEO – The Process That Affects the Visibility of a Website,y,https://heroicrankings.com/seo/on-page/process-that-affects-visibility-of-website/,https://heroicrankings.com/seo/on-page/process-that-affects-visibility-of-website/,,"noindex, nofollow, nocache","noindex, nofollow, noarchive, nosnippet, noimageindex",BlogPosting,"Article,BreadcrumbList,Organization,WebSite",55,69,1563,1945,1.24,0,1303,574,606805,497661
/seo/on-page/search-engine-rank-seo-stats-2024/,200,200,https://heroicrankings.com/seo/on-page/search-engine-rank-seo-stats-2024/,https://heroic-rankings-final.vercel.app/seo/on-page/search-engine-rank-seo-stats-2024/,Insights From The Latest 2024 Search Engine Rank Reports | Heroic Rankings,Insights From The Latest 2024 Search Engine Rank Reports | Heroic Rankings,y,Essential Insights from the Latest 2024 Search Engine Rank Reports,Essential Insights from the Latest 2024 Search Engine Rank Reports,y,https://heroicrankings.com/seo/on-page/search-engine-rank-seo-stats-2024/,https://heroicrankings.com/seo/on-page/search-engine-rank-seo-stats-2024/,,"noindex, nofollow, nocache","noindex, nofollow, noarchive, nosnippet, noimageindex",BlogPosting,"Article,BreadcrumbList,Organization,WebSite",55,69,1916,2168,1.13,0,1292,410,610371,505605
/seo/on-page/top-5-seo-myths/,200,200,https://heroicrankings.com/seo/on-page/top-5-seo-myths/,https://heroic-rankings-final.vercel.app/seo/on-page/top-5-seo-myths/,Busting 5 SEO Myths: 2026&#x27;s Misguided SEO Beliefs | Heroic Rankings,Busting 5 SEO Myths: 2026&#x27;s Misguided SEO Beliefs | Heroic Rankings,y,Top 5 SEO Myths People Still Believe in 2026,Top 5 SEO Myths People Still Believe in 2026,y,https://heroicrankings.com/seo/on-page/top-5-seo-myths/,https://heroicrankings.com/seo/on-page/top-5-seo-myths/,,"noindex, nofollow, nocache","noindex, nofollow, noarchive, nosnippet, noimageindex",BlogPosting,"Article,BreadcrumbList,Organization,WebSite",53,67,1885,2139,1.13,0,1265,499,611889,506524
/seo/on-page/what-is-a-content-pillar/,200,200,https://heroicrankings.com/seo/on-page/what-is-a-content-pillar/,https://heroic-rankings-final.vercel.app/seo/on-page/what-is-a-content-pillar/,"What Is a Content Pillar? Meaning, Strategy, and SEO Benefits | Heroic Rankings","What Is a Content Pillar? Meaning, Strategy, and SEO Benefits | Heroic Rankings",y,What Is a Content Pillar?,What Is a Content Pillar?,y,https://heroicrankings.com/seo/on-page/what-is-a-content-pillar/,https://heroicrankings.com/seo/on-page/what-is-a-content-pillar/,,"noindex, nofollow, nocache","noindex, nofollow, noarchive, nosnippet, noimageindex",BlogPosting,"Article,BreadcrumbList,Organization,WebSite",63,66,2873,3185,1.11,0,1126,570,638943,546386
/seo/on-page/what-is-a-website-title/,200,200,https://heroicrankings.com/seo/on-page/what-is-a-website-title/,https://heroic-rankings-final.vercel.app/seo/on-page/what-is-a-website-title/,"What Is a Website Title? SEO Impact, Examples &amp; How to Write One | Heroic Rankings","What Is a Website Title? SEO Impact, Examples &amp; How to Write One | Heroic Rankings",y,What Is a Website Title and Why Does It Matter for SEO?,What Is a Website Title and Why Does It Matter for SEO?,y,https://heroicrankings.com/seo/on-page/what-is-a-website-title/,https://heroicrankings.com/seo/on-page/what-is-a-website-title/,,"noindex, nofollow, nocache","noindex, nofollow, noarchive, nosnippet, noimageindex",BlogPosting,"Article,BreadcrumbList,Organization,WebSite",71,70,3807,4115,1.08,0,1078,505,665440,589560
/seo/on-page/what-is-internal-linking/,200,200,https://heroicrankings.com/seo/on-page/what-is-internal-linking/,https://heroic-rankings-final.vercel.app/seo/on-page/what-is-internal-linking/,Internal Linking Best Practices for SEO | Heroic Rankings,Internal Linking Best Practices for SEO | Heroic Rankings,y,What is Internal Linking? Definition + Best Practices,What is Internal Linking? Definition + Best Practices,y,https://heroicrankings.com/seo/on-page/what-is-internal-linking/,https://heroicrankings.com/seo/on-page/what-is-internal-linking/,,"noindex, nofollow, nocache","noindex, nofollow, noarchive, nosnippet, noimageindex",BlogPosting,"Article,BreadcrumbList,Organization,WebSite",68,73,3244,3525,1.09,0,1106,522,655400,575020
/seo/on-page/zero-click-searches/,200,200,https://heroicrankings.com/seo/on-page/zero-click-searches/,https://heroic-rankings-final.vercel.app/seo/on-page/zero-click-searches/,Zero-Click Searches: Turn Lost Clicks Into Brand Trust | Heroic Rankings,Zero-Click Searches: Turn Lost Clicks Into Brand Trust | Heroic Rankings,y,Zero-Click Searches: How to Win When Google Keeps the Traffic,Zero-Click Searches: How to Win When Google Keeps the Traffic,y,https://heroicrankings.com/seo/on-page/zero-click-searches/,https://heroicrankings.com/seo/on-page/zero-click-searches/,,"noindex, nofollow, nocache","noindex, nofollow, noarchive, nosnippet, noimageindex",BlogPosting,"Article,BreadcrumbList,Organization,WebSite",64,67,2752,3079,1.12,0,1085,505,639910,549462
/seo/technical/,200,200,https://heroicrankings.com/seo/technical/,https://heroic-rankings-final.vercel.app/seo/technical/,Technical SEO Service | Heroic Rankings,Technical SEO Services | Heroic Rankings,n,Technical SEO Service,Technical SEO Services,n,https://heroicrankings.com/seo/technical/,https://heroicrankings.com/seo/technical/,,"noindex, nofollow, nocache","noindex, nofollow, noarchive, nosnippet, noimageindex",WebPage,"BreadcrumbList,FAQPage,Organization,WebSite",49,60,787,930,1.18,0,1063,265,671803,491839
/seo/technical/benefits-of-custom-software-development/,200,200,https://heroicrankings.com/seo/technical/benefits-of-custom-software-development/,https://heroic-rankings-final.vercel.app/seo/technical/benefits-of-custom-software-development/,The Benefits Of Custom Business Software | Heroic Rankings,The Benefits Of Custom Business Software | Heroic Rankings,y,The Benefits of Custom Business Software for Business Growth,The Benefits of Custom Business Software for Business Growth,y,https://heroicrankings.com/seo/technical/benefits-of-custom-software-development/,https://heroicrankings.com/seo/technical/benefits-of-custom-software-development/,,"noindex, nofollow, nocache","noindex, nofollow, noarchive, nosnippet, noimageindex",BlogPosting,"Article,BreadcrumbList,Organization,WebSite",61,63,1659,1982,1.19,0,900,389,612189,503187
/seo/technical/ranking-factors-seo/,200,200,https://heroicrankings.com/seo/technical/ranking-factors-seo/,https://heroic-rankings-final.vercel.app/seo/technical/ranking-factors-seo/,Ranking Factors That Drive Search Engine Success | Heroic Rankings,Ranking Factors That Drive Search Engine Success | Heroic Rankings,y,Ranking Factors that Matter Most in SEO,Ranking Factors that Matter Most in SEO,y,https://heroicrankings.com/seo/technical/ranking-factors-seo/,https://heroicrankings.com/seo/technical/ranking-factors-seo/,,"noindex, nofollow, nocache","noindex, nofollow, noarchive, nosnippet, noimageindex",BlogPosting,"Article,BreadcrumbList,Organization,WebSite",153,112,9298,9304,1.00,0,911,578,831974,851678
/seo/technical/ranking-high-search-engine-results/,200,200,https://heroicrankings.com/seo/technical/ranking-high-search-engine-results/,https://heroic-rankings-final.vercel.app/seo/technical/ranking-high-search-engine-results/,Ranking High in Search Engine Result Pages Explained | Heroic Rankings,Ranking High in Search Engine Result Pages Explained | Heroic Rankings,y,Why Ranking High In Search Engine Result Pages Matters,Why Ranking High In Search Engine Result Pages Matters,y,https://heroicrankings.com/seo/technical/ranking-high-search-engine-results/,https://heroicrankings.com/seo/technical/ranking-high-search-engine-results/,,"noindex, nofollow, nocache","noindex, nofollow, noarchive, nosnippet, noimageindex",BlogPosting,"Article,BreadcrumbList,Organization,WebSite",57,72,2397,2780,1.16,0,880,490,628740,534192
/seo/technical/seo-marketing-practices-2026/,200,200,https://heroicrankings.com/seo/technical/seo-marketing-practices-2026/,https://heroic-rankings-final.vercel.app/seo/technical/seo-marketing-practices-2026/,SEO Marketing Guide 2026 | Best Practices &amp; Strategies | Heroic Rankings,SEO Marketing Guide 2026 | Best Practices &amp; Strategies | Heroic Rankings,y,Best Practices for SEO Marketing in 2026,Best Practices for SEO Marketing in 2026,y,https://heroicrankings.com/seo/technical/seo-marketing-practices-2026/,https://heroicrankings.com/seo/technical/seo-marketing-practices-2026/,,"noindex, nofollow, nocache","noindex, nofollow, noarchive, nosnippet, noimageindex",BlogPosting,"Article,BreadcrumbList,Organization,WebSite",53,68,1770,2144,1.21,0,869,431,614526,519484
/seo/technical/seo-vs-google-ads/,200,200,https://heroicrankings.com/seo/technical/seo-vs-google-ads/,https://heroic-rankings-final.vercel.app/seo/technical/seo-vs-google-ads/,SEO Vs Google Ads: Your Comprehensive Guide In 2026 | Heroic Rankings,SEO Vs Google Ads: Your Comprehensive Guide In 2026 | Heroic Rankings,y,SEO vs Google Ads: Unpacking the Best Approach for Boosting Online Visibility,SEO vs Google Ads: Unpacking the Best Approach for Boosting Online Visibility,y,https://heroicrankings.com/seo/technical/seo-vs-google-ads/,https://heroicrankings.com/seo/technical/seo-vs-google-ads/,,"noindex, nofollow, nocache","noindex, nofollow, noarchive, nosnippet, noimageindex",BlogPosting,"Article,BreadcrumbList,Organization,WebSite",62,70,1361,1712,1.26,0,698,403,607603,506347
