domain,tier,spam_score,backlinks,referring_pages,nofollow_pages,first_seen,tld,platform
wheretobuybest.link,disavow,80,1,1,1,2025-12-28,link,unknown
m98ufa.com,disavow,75,1,1,0,2026-07-03,com,unknown
australianwebdirectory.shop,disavow,70,1,1,0,2025-06-04,shop,"blogs,cms"
betwinnermirror.com,disavow,70,1,1,0,2026-08-21,com,unknown
fashionclothingnews.com,disavow,70,1,1,0,2026-08-31,com,unknown
homesforsaleoldgreenwichct.com,disavow,70,1,1,0,2026-08-13,com,unknown
kernelpanicpodcast.com,disavow,70,2,2,0,2026-09-24,com,unknown
plumeriamarketing.com,disavow,70,1,1,0,2026-07-03,com,unknown
betulcrime.com,disavow,60,1,1,0,2026-08-17,com,unknown
booksreadr.org,disavow,60,1,1,0,2025-12-07,org,"blogs,cms"
cvillico.com,disavow,60,1,1,0,2026-09-26,com,unknown
dupurgeniefr.com,disavow,60,1,1,0,2026-10-01,com,unknown
ggmap.us.com,disavow,60,1,1,0,2026-08-06,com,unknown
globalecommerce.org,disavow,60,1,1,0,2026-01-24,org,"blogs,cms"
mediaboooster.com,disavow,60,1,1,0,2026-09-03,com,unknown
musweb.org,disavow,60,1,1,0,2026-02-12,org,"blogs,cms"
onvaxs.com,disavow,60,1,1,0,2026-09-21,com,unknown
quotesblom.com,disavow,60,1,1,0,2026-08-25,com,unknown
read.org.in,disavow,60,1,1,0,2026-05-03,in,"blogs,cms"
runningwebsites.net,disavow,60,1,1,0,2026-01-31,net,"blogs,cms"
sergechel.info,disavow,60,1,1,0,2025-02-06,info,"blogs,cms"
simplewebdirectory.com,disavow,60,1,1,0,2026-01-19,com,"blogs,cms"
thedocmag.com,disavow,60,1,1,0,2026-09-30,com,unknown
theforbestimes.com,disavow,60,1,1,0,2026-08-23,com,unknown
uncledspizza.com,disavow,60,1,1,0,2026-08-28,com,unknown
getwebsiteworth.com,review,56,3,3,0,2025-12-22,com,"blogs,cms"
webscountry.com,review,55,2,2,0,2026-08-22,com,"blogs,cms"
alljobs.info,review,50,1,1,0,2026-03-07,info,"blogs,cms"
anchorurl.cloud,review,50,1,1,1,2026-07-24,cloud,unknown
bestfloridaseo.info,review,50,2,2,0,2026-09-19,info,unknown
buzzshrink.website,review,50,1,1,1,2026-01-27,website,unknown
bye.fyi,review,50,3,3,3,2025-02-08,fyi,unknown
drjack.world,review,50,1,1,1,2026-07-03,world,unknown
jake.eu,review,50,1,1,1,2026-02-13,eu,unknown
quero.party,review,50,1,1,1,2026-09-18,party,unknown
ready.pro,review,50,2,2,2,2026-02-03,pro,unknown
screenshots.wiki,review,50,2,2,2,2026-01-29,wiki,unknown
shortenurls.eu,review,50,2,2,2,2026-06-06,eu,unknown
tunca.org,review,50,2,2,0,2026-03-01,org,"blogs,cms"
urls-shortener.eu,review,50,1,1,1,2026-02-20,eu,unknown
websiterace.com,review,50,1,1,0,2026-01-04,com,"blogs,cms"
aibacklinkbuilder.online,review,45,1,1,0,2026-10-04,online,unknown
allbacklinkchecker.shop,review,45,1,1,0,2026-10-03,shop,unknown
automatedbacklinksubmitter.shop,review,45,1,1,0,2026-10-04,shop,unknown
automaticbacklinkbuilder.shop,review,45,1,1,0,2026-10-03,shop,unknown
automaticbacklinkgenerator.website,review,45,1,1,0,2026-10-03,website,unknown
backlinechecker.online,review,45,1,1,0,2026-10-03,online,unknown
backlinkanalysistool.store,review,45,1,1,0,2026-10-04,store,unknown
backlinkanalyzer.space,review,45,1,1,0,2026-10-04,space,unknown
backlinkaudittool.website,review,45,1,1,0,2026-10-03,website,unknown
backlinkbuilding.online,review,45,1,1,0,2026-10-04,online,unknown
backlinkbuildingservice.space,review,45,1,1,0,2026-10-04,space,unknown
backlinkbuildingtool.website,review,45,1,1,0,2026-10-04,website,unknown
backlinkcheckersite.store,review,45,1,1,0,2026-10-02,store,unknown
backlinkcreator.site,review,45,1,1,0,2026-10-04,site,unknown
backlinkfreechecker.store,review,45,1,1,0,2026-10-04,store,unknown
backlinkgeneration.store,review,45,1,1,0,2026-10-03,store,unknown
backlinkgenerator.org,review,45,1,1,0,2026-10-04,org,unknown
backlinkingstrategies.website,review,45,1,1,0,2026-10-03,website,unknown
backlinkmarketplace.store,review,45,1,1,0,2026-10-03,store,unknown
backlinkpackages.store,review,45,1,1,0,2026-10-03,store,unknown
backlinkprovider.online,review,45,1,1,0,2026-10-03,online,unknown
backlinkreporttool.site,review,45,1,1,0,2026-10-02,site,unknown
backlinkschecker.website,review,45,1,1,0,2026-10-03,website,unknown
backlinkscheckers.site,review,45,1,1,0,2026-10-03,site,unknown
backlinkscheckerseo.space,review,45,1,1,0,2026-10-03,space,unknown
backlinkscheckerseo.website,review,45,1,1,0,2026-10-02,website,unknown
backlinksearchengine.space,review,45,1,1,0,2026-10-04,space,unknown
backlinksfreechecker.website,review,45,1,1,0,2026-10-03,website,unknown
backlinksgeneration.store,review,45,1,1,0,2026-10-04,store,unknown
backlinksubmission.site,review,45,1,1,0,2026-10-03,site,unknown
backlinksubmissiongenerator.space,review,45,1,1,0,2026-10-04,space,unknown
backlinksubmissionsoftware.store,review,45,1,1,0,2026-10-04,store,unknown
backlinksupplier.online,review,45,1,1,0,2026-10-03,online,unknown
backlinkwebsites.website,review,45,1,1,0,2026-10-04,website,unknown
backlinkwizards.info,review,45,1,1,0,2026-09-30,info,unknown
backlinkwizards.link,review,45,1,1,0,2026-10-01,link,unknown
bestbacklinksoftware.com,review,45,1,1,0,2026-10-01,com,unknown
bestfreeseochecker.site,review,45,1,1,0,2026-09-29,site,unknown
bestrankchecker.site,review,45,1,1,0,2026-10-04,site,unknown
bestseocheckerfree.website,review,45,1,1,0,2026-10-03,website,unknown
bestwebsitechecker.site,review,45,1,1,0,2026-10-04,site,unknown
bestwebsitechecker.website,review,45,1,1,0,2026-10-01,website,unknown
blogcheckerfree.shop,review,45,1,1,0,2026-10-03,shop,unknown
blogcheckerfree.site,review,45,1,1,0,2026-10-04,site,unknown
blogcheckerfree.space,review,45,1,1,0,2026-09-29,space,unknown
blogpostbacklinks.online,review,45,1,1,0,2026-10-03,online,unknown
bulkbacklinkchecker.store,review,45,1,1,0,2026-10-02,store,unknown
bulkbacklinkcreator.space,review,45,1,1,0,2026-10-04,space,unknown
bulkbacklinkcreator.store,review,45,1,1,0,2026-10-04,store,unknown
bulkbacklinkreport.online,review,45,1,1,0,2026-10-03,online,unknown
bulkbacklinkreport.website,review,45,1,1,0,2026-10-04,website,unknown
bulkbacklinktool.site,review,45,1,1,0,2026-10-02,site,unknown
bulkdacheckerfree.site,review,45,1,1,0,2026-10-04,site,unknown
buycheapbacklinks.space,review,45,1,1,0,2026-10-03,space,unknown
buycheapbacklinks.website,review,45,1,1,0,2026-10-04,website,unknown
buypbnbacklinks.online,review,45,1,1,0,2026-10-04,online,unknown
checkdomainauthority.site,review,45,1,1,0,2026-10-03,site,unknown
checkdomainbacklinks.online,review,45,1,1,0,2026-09-26,online,unknown
checkdomainbacklinks.space,review,45,1,1,0,2026-09-30,space,unknown
checkdomaindapa.site,review,45,1,1,0,2026-10-03,site,unknown
checkwebsitedapa.website,review,45,1,1,0,2026-10-02,website,unknown
cmoney888.com.tw,review,45,2,2,0,2026-09-01,tw,organization
competitorbacklinkchecker.online,review,45,1,1,0,2026-10-04,online,unknown
competitorsbacklinksfree.space,review,45,1,1,0,2026-10-04,space,unknown
createbacklinks.online,review,45,1,1,0,2026-10-03,online,unknown
daandpachecker.website,review,45,1,1,0,2026-10-03,website,unknown
daandpacheckerfree.website,review,45,1,1,0,2026-10-02,website,unknown
daandpacheckertool.shop,review,45,1,1,0,2026-09-26,shop,unknown
dacheckerfreetool.site,review,45,1,1,0,2026-10-03,site,unknown
dacheckerinbulk.store,review,45,1,1,0,2026-10-02,store,unknown
dacheckerofwebsite.shop,review,45,1,1,0,2026-09-30,shop,unknown
dacheckerofwebsite.store,review,45,1,1,0,2026-09-28,store,unknown
dacheckeronlinefree.store,review,45,1,1,0,2026-10-04,store,unknown
dacheckersite.online,review,45,1,1,0,2026-09-28,online,unknown
dacheckertoolonline.website,review,45,1,1,0,2026-10-04,website,unknown
dacheckerwebsite.store,review,45,1,1,0,2026-09-30,store,unknown
dadrcheckerfree.online,review,45,1,1,0,2026-09-27,online,unknown
dadrcheckerfree.space,review,45,1,1,0,2026-09-27,space,unknown
dadrcheckertool.website,review,45,1,1,0,2026-09-27,website,unknown
dafreechecker.website,review,45,1,1,0,2026-10-04,website,unknown
dapabacklinkchecker.online,review,45,1,1,0,2026-09-30,online,unknown
dapabulkchecker.website,review,45,1,1,0,2026-09-29,website,unknown
dapacheckerforfree.store,review,45,1,1,0,2026-10-01,store,unknown
dapacheckerfree.online,review,45,1,1,0,2026-09-26,online,unknown
dapacheckerinbulk.shop,review,45,1,1,0,2026-09-27,shop,unknown
dapacheckerinbulk.site,review,45,1,1,0,2026-09-26,site,unknown
dapacheckeronline.online,review,45,1,1,0,2026-10-02,online,unknown
dapacheckersite.space,review,45,1,1,0,2026-09-27,space,unknown
dapacheckersoftware.shop,review,45,1,1,0,2026-10-04,shop,unknown
dapacheckertool.space,review,45,1,1,0,2026-09-29,space,unknown
dapadomainchecker.site,review,45,1,1,0,2026-10-03,site,unknown
dapadrchecker.online,review,45,1,1,0,2026-09-26,online,unknown
dapafreechecker.store,review,45,1,1,0,2026-10-03,store,unknown
dapaonlinechecker.online,review,45,1,1,0,2026-10-04,online,unknown
dapaprochecker.space,review,45,1,1,0,2026-10-02,space,unknown
daparankchecker.shop,review,45,1,1,0,2026-09-30,shop,unknown
dapaseochecker.store,review,45,1,1,0,2026-10-04,store,unknown
dofollowbacklinkmaker.space,review,45,1,1,0,2026-10-02,space,unknown
domainauthority.site,review,45,1,1,0,2026-10-04,site,unknown
domainauthoritybacklinks.site,review,45,1,1,0,2026-10-04,site,unknown
domainauthoritytool.online,review,45,1,1,0,2026-09-28,online,unknown
domainbacklinkgenerator.online,review,45,1,1,0,2026-09-28,online,unknown
domainbacklinkreport.space,review,45,1,1,0,2026-10-04,space,unknown
domaincheckerda.store,review,45,1,1,0,2026-10-03,store,unknown
domaincheckerdapa.store,review,45,1,1,0,2026-09-27,store,unknown
domaincheckerseo.shop,review,45,1,1,0,2026-10-04,shop,unknown
domaindapachecker.space,review,45,1,1,0,2026-09-27,space,unknown
domainlinkprofile.site,review,45,1,1,0,2026-10-01,site,unknown
domainpadachecker.space,review,45,1,1,0,2026-09-30,space,unknown
domainqualitychecker.space,review,45,1,1,0,2026-10-03,space,unknown
domainqualitychecker.store,review,45,1,1,0,2026-09-27,store,unknown
domainrankchecker.site,review,45,1,1,0,2026-10-01,site,unknown
domainseochecker.online,review,45,1,1,0,2026-10-04,online,unknown
domainserpchecker.website,review,45,1,1,0,2026-10-02,website,unknown
engineoptimisation.online,review,45,1,1,0,2026-10-02,online,unknown
findwebsitebacklinks.shop,review,45,1,1,0,2026-09-25,shop,unknown
freebacklinkgeneration.shop,review,45,1,1,0,2026-10-03,shop,unknown
freebacklinksforseo.space,review,45,1,1,0,2026-10-04,space,unknown
freeblogseochecker.online,review,45,1,1,0,2026-09-27,online,unknown
freebulkdachecker.space,review,45,1,1,0,2026-09-29,space,unknown
freedacheckertool.site,review,45,1,1,0,2026-10-01,site,unknown
freedacheckertools.online,review,45,1,1,0,2026-10-02,online,unknown
freedapachecker.website,review,45,1,1,0,2026-09-28,website,unknown
freedrchecker.online,review,45,1,1,0,2026-09-28,online,unknown
freelinkbuilding.online,review,45,1,1,0,2026-10-04,online,unknown
freeonlinedachecker.online,review,45,1,1,0,2026-10-02,online,unknown
freeonlinedachecker.shop,review,45,1,1,0,2026-09-30,shop,unknown
freeonlinedachecker.site,review,45,1,1,0,2026-10-02,site,unknown
freerankchecker.store,review,45,1,1,0,2026-10-02,store,unknown
freeseorankchecker.site,review,45,1,1,0,2026-10-04,site,unknown
freeserpchecker.online,review,45,1,1,0,2026-10-01,online,unknown
freeserpcheckertool.site,review,45,1,1,0,2026-09-28,site,unknown
freeserpcheckertool.website,review,45,1,1,0,2026-09-30,website,unknown
freeserprankchecker.online,review,45,1,1,0,2026-09-25,online,unknown
freesiterankchecker.store,review,45,1,1,0,2026-10-03,store,unknown
freewebseochecker.online,review,45,1,1,0,2026-10-03,online,unknown
freewebsitechecker.website,review,45,1,1,0,2026-10-02,website,unknown
freshbacklinkchecker.store,review,45,1,1,0,2026-09-28,store,unknown
fullbacklinkchecker.site,review,45,1,1,0,2026-09-29,site,unknown
fullbacklinkchecker.website,review,45,1,1,0,2026-10-04,website,unknown
generatebacklinksonline.space,review,45,1,1,0,2026-10-04,space,unknown
generatehighqualitybacklinks.shop,review,45,1,1,0,2026-10-04,shop,unknown
goodbacklinkchecker.website,review,45,1,1,0,2026-10-01,website,unknown
goodbacklinks.online,review,45,1,1,0,2026-10-03,online,unknown
highqualitybacklinks.store,review,45,1,1,0,2026-10-03,store,unknown
instantbacklinkmaker.website,review,45,1,1,0,2026-09-29,website,unknown
linkbuildingconsultant.store,review,45,1,1,0,2026-10-04,store,unknown
linkbuildingmarketing.online,review,45,1,1,0,2026-10-03,online,unknown
linkbuildingoutsourcing.shop,review,45,1,1,0,2026-10-02,shop,unknown
linkbuildingservices.shop,review,45,1,1,0,2026-10-04,shop,unknown
linkbuildingsoftware.space,review,45,1,1,0,2026-10-04,space,unknown
linkbuildingtools.website,review,45,1,1,0,2026-10-04,website,unknown
linkcheckertools.online,review,45,1,1,0,2026-09-25,online,unknown
linkcheckertools.shop,review,45,1,1,0,2026-10-04,shop,unknown
linkingdomainchecker.shop,review,45,1,1,0,2026-10-01,shop,unknown
linkmanagement.website,review,45,1,1,0,2026-10-03,website,unknown
liveserpchecker.site,review,45,1,1,0,2026-09-29,site,unknown
localcitationservice.site,review,45,1,1,0,2026-10-03,site,unknown
makebacklinksonline.shop,review,45,1,1,0,2026-10-03,shop,unknown
massbacklinkmaker.website,review,45,1,1,0,2026-09-30,website,unknown
massdapachecker.site,review,45,1,1,0,2026-10-03,site,unknown
monthlylinkbuilding.website,review,45,1,1,0,2026-10-04,website,unknown
multipledachecker.website,review,45,1,1,0,2026-10-03,website,unknown
naturallinkbuilding.site,review,45,1,1,0,2026-10-04,site,unknown
onlinedachecker.shop,review,45,1,1,0,2026-10-03,shop,unknown
onlinewebsitechecker.store,review,45,1,1,0,2026-10-04,store,unknown
outgoinglinkchecker.website,review,45,1,1,0,2026-10-03,website,unknown
pageauthoritylookup.website,review,45,1,1,0,2026-10-01,website,unknown
pagerankingchecker.shop,review,45,1,1,0,2026-10-04,shop,unknown
pagerankingchecker.store,review,45,1,1,0,2026-10-04,store,unknown
pbnbacklinksservice.store,review,45,1,1,0,2026-10-03,store,unknown
professionallinkbuilding.site,review,45,1,1,0,2026-10-04,site,unknown
profilecreationwebsites.online,review,45,1,1,0,2026-10-03,online,unknown
qualitybacklinks.website,review,45,1,1,0,2026-10-03,website,unknown
qualitybacklinksseo.store,review,45,1,1,0,2026-10-03,store,unknown
qualitylinkbuilding.shop,review,45,1,1,0,2026-10-03,shop,unknown
quickseochecker.site,review,45,1,1,0,2026-10-04,site,unknown
rankcheckerfree.shop,review,45,1,1,0,2026-10-03,shop,unknown
rankcheckeronline.online,review,45,1,1,0,2026-10-03,online,unknown
rankcheckerseo.space,review,45,1,1,0,2026-10-02,space,unknown
rankcheckerseo.website,review,45,1,1,0,2026-10-04,website,unknown
rankcheckertool.website,review,45,1,1,0,2026-09-29,website,unknown
rankcheckertools.shop,review,45,1,1,0,2026-10-03,shop,unknown
rankcheckertools.website,review,45,1,1,0,2026-09-29,website,unknown
rankingcheckerfree.shop,review,45,1,1,0,2026-09-29,shop,unknown
rankingcheckertool.store,review,45,1,1,0,2026-09-29,store,unknown
rankingschecker.space,review,45,1,1,0,2026-10-04,space,unknown
rankwebsitechecker.site,review,45,1,1,0,2026-10-03,site,unknown
rankwebsitechecker.website,review,45,1,1,0,2026-10-01,website,unknown
realbacklinkchecker.space,review,45,1,1,0,2026-10-02,space,unknown
relevantlink.website,review,45,1,1,0,2026-10-03,website,unknown
seoandlinkbuilding.store,review,45,1,1,0,2026-10-03,store,unknown
seoauditchecker.site,review,45,1,1,0,2026-09-30,site,unknown
seoauditchecker.store,review,45,1,1,0,2026-10-02,store,unknown
seobacklinkbuildingservices.store,review,45,1,1,0,2026-10-04,store,unknown
seobacklinkgenerator.space,review,45,1,1,0,2026-10-04,space,unknown
seobacklinkservices.store,review,45,1,1,0,2026-10-03,store,unknown
seoblogchecker.online,review,45,1,1,0,2026-10-02,online,unknown
seocheckerforfree.online,review,45,1,1,0,2026-09-26,online,unknown
seocheckerfree.online,review,45,1,1,0,2026-09-28,online,unknown
seocheckerfree.store,review,45,1,1,0,2026-10-02,store,unknown
seocheckerrank.space,review,45,1,1,0,2026-09-24,space,unknown
seocheckertoolfree.space,review,45,1,1,0,2026-10-04,space,unknown
seocheckertoolsfree.shop,review,45,1,1,0,2026-10-02,shop,unknown
seodapachecker.store,review,45,1,1,0,2026-09-26,store,unknown
seofreechecker.space,review,45,1,1,0,2026-10-03,space,unknown
seofreechecker.website,review,45,1,1,0,2026-09-30,website,unknown
seofriendlychecker.store,review,45,1,1,0,2026-09-30,store,unknown
seolinkbuildingservices.store,review,45,1,1,0,2026-10-03,store,unknown
seometricschecker.site,review,45,1,1,0,2026-09-30,site,unknown
seometricschecker.store,review,45,1,1,0,2026-10-04,store,unknown
seoonlinechecker.shop,review,45,1,1,0,2026-10-02,shop,unknown
seopadachecker.space,review,45,1,1,0,2026-09-26,space,unknown
seoqualitychecker.shop,review,45,1,1,0,2026-09-29,shop,unknown
seorankchecker.website,review,45,1,1,0,2026-09-27,website,unknown
seorankcheckerfree.shop,review,45,1,1,0,2026-10-01,shop,unknown
seorankcheckerfree.site,review,45,1,1,0,2026-10-01,site,unknown
seorankcheckertool.online,review,45,1,1,0,2026-10-04,online,unknown
seorankcheckertool.site,review,45,1,1,0,2026-09-29,site,unknown
seorankingchecker.online,review,45,1,1,0,2026-10-04,online,unknown
seorankingchecker.shop,review,45,1,1,0,2026-09-29,shop,unknown
seorankingschecker.online,review,45,1,1,0,2026-10-01,online,unknown
seorankingschecker.website,review,45,1,1,0,2026-09-27,website,unknown
seoreportchecker.site,review,45,1,1,0,2026-10-02,site,unknown
seoreportchecker.space,review,45,1,1,0,2026-09-30,space,unknown
seoreportchecker.store,review,45,1,1,0,2026-10-04,store,unknown
seoscorechecker.website,review,45,1,1,0,2026-10-03,website,unknown
seositechecker.store,review,45,1,1,0,2026-09-30,store,unknown
seostrengthchecker.online,review,45,1,1,0,2026-09-29,online,unknown
seostrengthchecker.site,review,45,1,1,0,2026-10-04,site,unknown
seotoolchecker.store,review,45,1,1,0,2026-09-26,store,unknown
seotoolschecker.space,review,45,1,1,0,2026-09-29,space,unknown
seowebsitechecker.website,review,45,1,1,0,2026-10-04,website,unknown
serpcheckerfree.shop,review,45,1,1,0,2026-10-04,shop,unknown
serpcheckerfree.website,review,45,1,1,0,2026-10-04,website,unknown
serpcheckeronline.shop,review,45,1,1,0,2026-09-26,shop,unknown
serpcheckeronline.space,review,45,1,1,0,2026-09-29,space,unknown
serpcheckers.website,review,45,1,1,0,2026-09-30,website,unknown
serpcheckertool.website,review,45,1,1,0,2026-10-03,website,unknown
serpfreechecker.shop,review,45,1,1,0,2026-09-27,shop,unknown
serpfreechecker.website,review,45,1,1,0,2026-10-04,website,unknown
serprankchecker.site,review,45,1,1,0,2026-10-04,site,unknown
serprankchecker.store,review,45,1,1,0,2026-09-30,store,unknown
sitecheckerfree.online,review,45,1,1,0,2026-09-25,online,unknown
sitecheckerseo.store,review,45,1,1,0,2026-09-25,store,unknown
sitepositionchecker.shop,review,45,1,1,0,2026-09-29,shop,unknown
siteseocheckerfree.online,review,45,1,1,0,2026-09-27,online,unknown
sitevisitschecker.shop,review,45,1,1,0,2026-10-01,shop,unknown
sitevisitschecker.space,review,45,1,1,0,2026-09-30,space,unknown
technicalseochecker.shop,review,45,1,1,0,2026-09-30,shop,unknown
thebulkdachecker.site,review,45,1,1,0,2026-09-28,site,unknown
thelinkbuilding.online,review,45,1,1,0,2026-10-01,online,unknown
trustflowchecker.space,review,45,1,1,0,2026-09-30,space,unknown
urlbacklinkanalysis.site,review,45,1,1,0,2026-09-30,site,unknown
urlbacklinkchecker.shop,review,45,1,1,0,2026-09-26,shop,unknown
urlbacklinkschecker.space,review,45,1,1,0,2026-09-30,space,unknown
urlrankchecker.website,review,45,1,1,0,2026-10-02,website,unknown
urlrankingchecker.website,review,45,1,1,0,2026-10-02,website,unknown
webbacklinkchecker.store,review,45,1,1,0,2026-10-01,store,unknown
webbacklinkschecker.online,review,45,1,1,0,2026-10-01,online,unknown
webbacklinkschecker.store,review,45,1,1,0,2026-09-28,store,unknown
webpagerankchecker.website,review,45,1,1,0,2026-09-30,website,unknown
webrankchecker.space,review,45,1,1,0,2026-10-01,space,unknown
webrankingchecker.site,review,45,1,1,0,2026-09-30,site,unknown
websiteauditchecker.site,review,45,1,1,0,2026-10-04,site,unknown
websitebacklinkgenerator.online,review,45,1,1,0,2026-10-01,online,unknown
websitecheckerdapa.shop,review,45,1,1,0,2026-09-30,shop,unknown
websitecheckerdapa.store,review,45,1,1,0,2026-09-27,store,unknown
websitecheckerfree.space,review,45,1,1,0,2026-09-30,space,unknown
websitecheckerseo.online,review,45,1,1,0,2026-10-01,online,unknown
websitecheckertool.site,review,45,1,1,0,2026-09-25,site,unknown
websitedadrchecker.website,review,45,1,1,0,2026-10-03,website,unknown
websitedapachecker.site,review,45,1,1,0,2026-10-01,site,unknown
websitedatachecker.online,review,45,1,1,0,2026-10-03,online,unknown
websitelinkchecker.store,review,45,1,1,0,2026-09-27,store,unknown
websitepachecker.online,review,45,1,1,0,2026-09-30,online,unknown
websitepachecker.space,review,45,1,1,0,2026-10-02,space,unknown
websitepagechecker.space,review,45,1,1,0,2026-09-28,space,unknown
websiterankchecker.space,review,45,1,1,0,2026-09-27,space,unknown
websiteseochecker.store,review,45,1,1,0,2026-09-29,store,unknown
websiteserpchecker.shop,review,45,1,1,0,2026-09-27,shop,unknown
websitetoolschecker.store,review,45,1,1,0,2026-09-26,store,unknown
whatisdapachecker.site,review,45,1,1,0,2026-10-04,site,unknown
whatisdapachecker.website,review,45,1,1,0,2026-09-29,website,unknown
whitehatlink.website,review,45,1,1,0,2026-09-30,website,unknown
matscisci.com,review,40,7,1,0,2026-04-27,com,unknown
1seoservices.com,review,35,1,1,0,2026-09-25,com,unknown
advanced-seo.link,review,35,1,1,0,2026-09-30,link,unknown
ailinkbuilder.space,review,35,1,1,0,2026-10-04,space,unknown
aiseochecker.space,review,35,1,1,0,2026-10-04,space,unknown
backlinkbot.online,review,35,1,1,0,2026-10-04,online,unknown
backlinkmaker.link,review,35,1,1,0,2026-09-27,link,unknown
backlinksboost.info,review,35,1,1,0,2026-10-01,info,unknown
backlinksboost.link,review,35,1,1,0,2026-10-03,link,unknown
backlinkshome.com,review,35,1,1,0,2026-10-03,com,unknown
backlinkspace.link,review,35,1,1,0,2026-09-25,link,unknown
backlinksseo.space,review,35,1,1,0,2026-10-04,space,unknown
backlinkweb.store,review,35,1,1,0,2026-10-04,store,unknown
bestbacklink.site,review,35,1,1,0,2026-10-03,site,unknown
bestdachecker.site,review,35,1,1,0,2026-09-25,site,unknown
bestdachecker.space,review,35,1,1,0,2026-10-04,space,unknown
bestfloridaseo.com,review,35,1,1,0,2026-09-28,com,unknown
bestfloridaseo.link,review,35,1,1,0,2026-10-03,link,unknown
blogseochecker.shop,review,35,1,1,0,2026-09-29,shop,unknown
boost-traffic.com,review,35,1,1,0,2026-10-01,com,unknown
boost-traffic.info,review,35,1,1,0,2026-09-24,info,unknown
bulkdachecker.store,review,35,1,1,0,2026-10-04,store,unknown
buydofollow.site,review,35,1,1,0,2026-10-03,site,unknown
buypbn.online,review,35,1,1,0,2026-10-04,online,unknown
buypbn.space,review,35,1,1,0,2026-10-03,space,unknown
cheapbacklink.space,review,35,1,1,0,2026-10-03,space,unknown
checkdapa.shop,review,35,1,1,0,2026-10-04,shop,unknown
checkdapa.website,review,35,1,1,0,2026-09-27,website,unknown
checkerseo.store,review,35,1,1,0,2026-10-04,store,unknown
checkersite.space,review,35,1,1,0,2026-10-02,space,unknown
dachecker.website,review,35,1,1,0,2026-09-30,website,unknown
dacheckerbulk.site,review,35,1,1,0,2026-10-01,site,unknown
dacheckerfree.site,review,35,1,1,0,2026-10-03,site,unknown
dacheckerpro.site,review,35,1,1,0,2026-10-03,site,unknown
dacheckers.space,review,35,1,1,0,2026-10-04,space,unknown
dacheckertools.site,review,35,1,1,0,2026-09-28,site,unknown
dadpchecker.shop,review,35,1,1,0,2026-09-26,shop,unknown
dadrchecker.online,review,35,1,1,0,2026-09-30,online,unknown
dafreechecker.space,review,35,1,1,0,2026-09-28,space,unknown
dapachecker.store,review,35,1,1,0,2026-09-30,store,unknown
dapacheckers.online,review,35,1,1,0,2026-09-28,online,unknown
darankchecker.store,review,35,1,1,0,2026-09-26,store,unknown
dasitechecker.site,review,35,1,1,0,2026-10-04,site,unknown
dasitechecker.space,review,35,1,1,0,2026-10-02,space,unknown
dasitechecker.store,review,35,1,1,0,2026-10-01,store,unknown
digitizeseo.info,review,35,1,1,0,2026-09-27,info,unknown
digitseotools.info,review,35,1,1,0,2026-09-22,info,unknown
diversifiedseo.com,review,35,1,1,0,2026-10-02,com,unknown
drchecker.online,review,35,1,1,0,2026-09-30,online,unknown
drchecker.store,review,35,1,1,0,2026-10-04,store,unknown
drchecker.website,review,35,1,1,0,2026-10-02,website,unknown
drcheckerbulk.site,review,35,1,1,0,2026-10-03,site,unknown
drcheckerfree.store,review,35,1,1,0,2026-09-29,store,unknown
drdachecker.store,review,35,1,1,0,2026-09-28,store,unknown
freebacklink.site,review,35,1,1,0,2026-10-03,site,unknown
freedrchecker.shop,review,35,1,1,0,2026-09-28,shop,unknown
freedrchecker.space,review,35,1,1,0,2026-10-03,space,unknown
freelink.website,review,35,1,1,0,2026-10-04,website,unknown
freesimpleseo.link,review,35,1,1,0,2026-09-21,link,unknown
getseotips.com,review,35,1,1,0,2026-10-02,com,unknown
global-ranks.pages.dev,review,35,1,1,1,2023-11-13,dev,unknown
global-websites.pages.dev,review,35,1,1,1,2023-11-30,dev,unknown
goldbacklinks.info,review,35,1,1,0,2026-09-30,info,unknown
highdrlinks.shop,review,35,1,1,0,2026-10-03,shop,unknown
highdrlinks.website,review,35,1,1,0,2026-10-01,website,unknown
imperiousseo.link,review,35,1,1,0,2026-09-26,link,unknown
indiabacklink.com,review,35,1,1,0,2026-09-27,com,unknown
linkbuilders.online,review,35,1,1,0,2026-10-04,online,unknown
mcp-seo.com,review,35,1,1,0,2026-08-14,com,unknown
pacheckertool.site,review,35,1,1,0,2026-10-04,site,unknown
profitsurgeseo.com,review,35,1,1,0,2026-09-11,com,unknown
qualitylink.space,review,35,1,1,0,2026-09-29,space,unknown
rankcheckerseo.shop,review,35,1,1,0,2026-09-26,shop,unknown
seo-channel.info,review,35,1,1,0,2026-09-28,info,unknown
seo-globallink.com,review,35,1,1,0,2026-10-03,com,unknown
seoblogchecker.shop,review,35,1,1,0,2026-09-30,shop,unknown
seocheckerrank.site,review,35,1,1,0,2026-10-02,site,unknown
seorankchecker.shop,review,35,1,1,0,2026-10-04,shop,unknown
seorankchecker.site,review,35,1,1,0,2026-09-25,site,unknown
seowebchecker.space,review,35,1,1,0,2026-10-03,space,unknown
shift4shop.com,review,35,1,1,0,2024-05-27,com,organization
sitedachecker.store,review,35,1,1,0,2026-10-03,store,unknown
tfchecker.website,review,35,1,1,0,2026-09-29,website,unknown
theseobiz.com,review,35,1,1,0,2026-09-18,com,unknown
theseobull.com,review,35,1,1,0,2026-09-28,com,unknown
tokoseo.com,review,35,1,1,0,2026-09-21,com,unknown
ultraseotools.com,review,35,1,1,0,2026-10-04,com,unknown
ultraseotools.link,review,35,1,1,0,2026-09-28,link,unknown
usaseobiz.info,review,35,1,1,0,2026-09-30,info,unknown
webfan.website,review,35,6,1,0,2025-11-26,website,unknown
webseochecker.store,review,35,1,1,0,2026-09-25,store,unknown
youseotools.link,review,35,1,1,0,2026-09-23,link,unknown
agilitypr.com,review,30,2,2,0,2025-05-02,com,organization
artseo.cn,review,30,1,1,0,2026-01-17,cn,"blogs,cms"
healthroutedaily.org,review,30,1,1,0,2026-03-16,org,organization
robuta.com,review,30,1,1,0,2026-09-03,com,unknown
seatext.com,review,30,1,1,1,2026-08-19,com,unknown
semly.ai,review,30,1,1,1,2026-09-03,ai,organization
smartmoneymatch.com,review,30,1,1,0,2024-03-19,com,organization
colbycoenergy.com,keep,25,1,1,0,2024-02-23,com,"blogs,cms,organization"
mikegingerich.com,keep,25,2,2,0,2025-11-06,com,"blogs,organization"
thevisualcommunicationguy.com,keep,25,1,1,0,2026-05-22,com,"blogs,cms"
uplinksummit.com,keep,25,1,1,0,2026-06-09,com,"cms,organization"
siteup.ai,keep,17,10,5,0,2026-08-30,ai,organization
bigorangeplanet.com,keep,15,1,1,0,2026-10-01,com,"blogs,cms,organization"
computertechreviews.com,keep,15,1,1,1,2026-05-21,com,"blogs,cms,news,organization"
extendsclass.com,keep,15,1,1,0,2026-06-25,com,"blogs,cms,organization"
genpicked.com,keep,15,1,1,0,2026-08-04,com,organization
hellotender.eu,keep,15,1,1,0,2026-09-09,eu,organization
kurationai.com,keep,15,1,1,0,2026-09-27,com,organization
linkintechseo.com,keep,15,3,3,0,2026-08-04,com,organization
sell-saas.com,keep,15,2,2,0,2026-04-29,com,unknown
trackingplan.com,keep,15,1,1,0,2026-03-15,com,organization
withacta.com,keep,15,1,1,0,2026-05-31,com,"ecommerce,organization"
wooindex.com,keep,15,1,1,0,2026-09-20,com,organization
wpfastestcache.com,keep,15,3,3,0,2026-05-27,com,unknown
femtechworld.co.uk,keep,10,2,2,0,2026-04-22,uk,"blogs,cms,organization"
goodtogorestoration.com,keep,10,6,6,0,2025-06-07,com,unknown
lesliegilmour.com,keep,10,2,2,0,2026-05-06,com,unknown
newlyregddomains.com,keep,10,1,1,1,2024-03-28,com,unknown
rg8888org.com.tw,keep,10,2,2,0,2026-09-29,tw,"blogs,cms,organization"
surveyking.com,keep,10,1,1,0,2024-06-25,com,"blogs,cms"
websitebuilderfacts.com,keep,10,2,2,2,2025-03-24,com,"blogs,cms,organization"
accio.com,keep,5,8,1,1,2026-08-26,com,unknown
advanseomarketing.com,keep,5,3,1,0,2026-05-14,com,"blogs,cms,organization"
aicitationmonitor.com,keep,5,8,3,0,2026-08-21,com,"ecommerce,organization"
aioverview.com,keep,5,4,2,2,2026-05-21,com,organization
contentevaluator.online,keep,5,1,1,0,2026-06-10,online,"blogs,cms,organization"
coolerinsights.com,keep,5,1,1,0,2024-05-27,com,"cms,organization"
droven.io,keep,5,1,1,0,2026-05-20,io,"blogs,cms,organization"
enchanter.gg,keep,5,4,4,4,2026-05-16,gg,unknown
entrepreneur.com,keep,5,2,2,0,2026-02-20,com,organization
envato.com,keep,5,1,1,0,2023-08-28,com,organization
freelancewords.co.uk,keep,5,3,1,0,2026-07-22,uk,"blogs,cms,organization"
gozen.io,keep,5,1,1,0,2024-02-06,io,unknown
haiilo.com,keep,5,1,1,0,2026-08-26,com,unknown
helmpages.com,keep,5,1,1,0,2026-08-30,com,organization
i539.tw,keep,5,1,1,0,2026-04-09,tw,"blogs,cms,organization"
ictmagazine.be,keep,5,1,1,1,2026-05-28,be,"news,organization"
ictmagazine.nl,keep,5,1,1,1,2026-05-28,nl,"news,organization"
mentorcruise.com,keep,5,1,1,0,2023-10-04,com,organization
onely.com,keep,5,1,1,0,2026-05-31,com,organization
phonglabnganhmay.com,keep,5,5,1,0,2026-09-25,com,"blogs,cms,organization"
save.ca,keep,5,1,1,0,2026-07-23,ca,"blogs,cms,organization"
signals.sh,keep,5,2,1,0,2026-05-01,sh,organization
smartbrief.com,keep,5,6,6,6,2024-02-20,com,"news,organization,unknown"
splento.com,keep,5,1,1,0,2024-12-10,com,"blogs,cms,organization"
springdigital.agency,keep,5,1,1,0,2026-07-15,agency,organization
technexies.com,keep,5,1,1,0,2026-04-17,com,"blogs,cms,organization"
depaul.edu,keep,2,5,5,0,2026-08-22,edu,blogs
nandbox.com,keep,2,2,2,0,2024-08-27,com,"blogs,cms,organization"
similarweb.com,keep,2,4,4,0,2026-02-25,com,organization
anyleads.com,keep,1,11,11,0,2026-04-19,com,"blogs,unknown"
tagembed.com,keep,1,3,3,0,2024-10-26,com,"blogs,cms,organization"
13.41.134.195,keep,0,1,1,0,2026-08-27,195,"blogs,cms,organization"
8thirtyfour.com,keep,0,1,1,0,2026-08-03,com,"cms,organization"
accuranker.com,keep,0,1,1,0,2025-06-22,com,unknown
addevent.com,keep,0,1,1,0,2026-07-12,com,unknown
adsense-expert.com,keep,0,1,1,0,2026-05-04,com,"blogs,cms,organization"
advicescout.com,keep,0,1,1,0,2026-07-01,com,cms
agenticpress.ai,keep,0,1,1,0,2026-06-19,ai,organization
aicontentfy.com,keep,0,1,1,0,2026-08-31,com,organization
aigrowthagent.co,keep,0,4,2,2,2026-08-04,co,"blogs,cms,organization"
aigums.com,keep,0,5,2,0,2026-07-22,com,organization
aiseo.ai,keep,0,1,1,0,2026-07-21,ai,unknown
aiseoshift.com,keep,0,1,1,0,2026-07-01,com,organization
aitechupdates.blog,keep,0,1,1,0,2026-08-10,blog,"blogs,cms,organization"
alldigitalpr.com,keep,0,1,1,1,2025-12-25,com,unknown
alphonsolabs.com,keep,0,1,1,1,2026-07-02,com,"blogs,cms,organization"
altusmarketing.co,keep,0,1,1,0,2026-06-28,co,"blogs,cms,organization"
analyzee.io,keep,0,2,1,0,2026-08-30,io,organization
andava.com,keep,0,1,1,0,2026-08-21,com,"cms,organization"
anthonyligyat.com,keep,0,1,1,0,2026-07-03,com,unknown
appamass.com,keep,0,2,2,0,2026-09-01,com,"ecommerce,organization"
atamgo.com,keep,0,2,2,0,2023-07-23,com,organization
awesmai.com,keep,0,2,1,1,2026-02-19,com,organization
axiomq.com,keep,0,3,3,0,2023-10-04,com,"blogs,cms,organization"
babylovegrowth.ai,keep,0,1,1,0,2026-06-18,ai,organization
beehiiv.com,keep,0,2,1,0,2026-06-01,com,organization
benchmarkemail.com,keep,0,1,1,0,2023-09-06,com,organization
betterproposals.io,keep,0,1,1,0,2024-08-28,io,unknown
blazehive.io,keep,0,1,1,0,2026-06-08,io,organization
boltpr.com,keep,0,1,1,0,2026-07-28,com,organization
bradleebartlett.com,keep,0,2,1,0,2026-04-22,com,"blogs,cms,organization"
branddeepdive.com,keep,0,1,1,0,2026-06-12,com,news
brandignity.com,keep,0,1,1,0,2025-10-14,com,"blogs,cms,organization"
breaklineagency.com,keep,0,1,1,0,2026-05-28,com,"blogs,cms,organization"
builtin.com,keep,0,1,1,0,2026-03-12,com,unknown
businessdailymedia.com,keep,0,2,2,0,2024-01-12,com,"cms,news,organization"
busylike.com,keep,0,1,1,0,2026-10-01,com,"blogs,cms,organization"
causalfunnel.com,keep,0,1,1,0,2026-07-24,com,"blogs,cms"
charbroilers.com,keep,0,1,1,0,2026-03-03,com,organization
chisellabs.com,keep,0,1,1,0,2024-06-15,com,unknown
clickforseo.com,keep,0,1,1,0,2026-05-29,com,"blogs,cms,organization"
clickraven.com,keep,0,1,1,0,2026-09-10,com,organization
clickyowl.com,keep,0,3,3,3,2026-04-09,com,"blogs,cms,organization"
cloudways.com,keep,0,1,1,1,2023-12-18,com,organization
coding.agency,keep,0,1,1,0,2026-07-20,agency,"ecommerce,organization"
compassonline.ca,keep,0,1,1,0,2026-05-14,ca,unknown
contentpowered.com,keep,0,2,2,0,2026-04-09,com,organization
contentverse.io,keep,0,1,1,0,2026-08-31,io,unknown
coolest.marketing,keep,0,1,1,0,2026-05-14,marketing,"blogs,cms,organization"
coulava.com,keep,0,5,5,5,2026-05-25,com,"blogs,cms,organization"
crowjack.com,keep,0,1,1,0,2026-09-25,com,organization
ctrltheclick.com,keep,0,7,3,0,2026-09-30,com,organization
cubecreative.design,keep,0,1,1,0,2026-03-19,design,"cms,organization"
curator.io,keep,0,1,1,0,2023-09-20,io,unknown
curiousblogger.com,keep,0,1,1,1,2026-06-30,com,"blogs,cms,organization"
dageno.ai,keep,0,2,2,2,2026-08-04,ai,organization
danishleadco.io,keep,0,1,1,0,2026-03-25,io,organization
debutify.com,keep,0,1,1,0,2026-09-18,com,organization
demandlocal.com,keep,0,1,1,0,2026-05-02,com,"blogs,cms"
demgendaily.com,keep,0,1,1,0,2026-09-10,com,"news,organization"
designveloper.com,keep,0,1,1,1,2026-05-29,com,"blogs,cms,organization"
designzeen.com,keep,0,1,1,0,2026-09-21,com,organization
directoryforai.com,keep,0,4,2,0,2026-05-14,com,"organization,unknown"
divimode.com,keep,0,1,1,1,2026-04-30,com,"news,organization"
dramediaco.com,keep,0,1,1,0,2026-07-21,com,"cms,organization"
duboseweb.com,keep,0,1,1,0,2026-09-25,com,organization
ecokouture.com,keep,0,1,1,0,2025-10-04,com,organization
ecommercefastlane.com,keep,0,3,3,0,2024-03-06,com,"news,organization"
economiademallorca.com,keep,0,1,1,0,2026-05-28,com,"cms,news"
economymirror.net,keep,0,1,1,0,2026-09-20,net,"blogs,cms,organization"
educba.com,keep,0,1,1,0,2025-01-30,com,"blogs,cms,organization"
edverise.com,keep,0,2,2,2,2026-08-25,com,organization
eloveo.ch,keep,0,2,2,0,2026-05-30,ch,organization
emailaudience.com,keep,0,1,1,0,2026-08-19,com,"blogs,cms,organization"
engagebay.com,keep,0,1,1,0,2026-05-27,com,"blogs,cms,organization"
epresence.ie,keep,0,1,1,0,2026-06-09,ie,"blogs,cms,organization"
evertune.ai,keep,0,1,1,0,2026-08-25,ai,organization
exeleonmagazine.com,keep,0,1,1,0,2026-02-03,com,"blogs,cms,organization"
expertrec.com,keep,0,2,1,0,2023-09-15,com,organization
eztalks.com,keep,0,1,1,0,2024-07-25,com,organization
fabiogulotta.it,keep,0,1,1,1,2026-03-15,it,organization
facilio.com,keep,0,1,1,1,2024-07-01,com,"blogs,cms,ecommerce"
featured.com,keep,0,1,1,1,2025-05-19,com,organization
flippingbook.com,keep,0,4,4,0,2024-01-30,com,organization
flow-agency.com,keep,0,1,1,0,2024-06-26,com,"blogs,cms,organization"
forestparkgolfcourse.com,keep,0,1,1,1,2024-01-26,com,unknown
foreverwebs.com,keep,0,1,1,1,2026-05-27,com,organization
forexdhaka.com,keep,0,1,1,0,2026-04-10,com,"blogs,cms"
founderoperator.com,keep,0,1,1,0,2026-09-21,com,news
fromdev.com,keep,0,1,1,0,2025-07-30,com,"blogs,cms,organization"
futuramo.com,keep,0,1,1,0,2026-07-07,com,"blogs,cms"
gbober.com,keep,0,1,1,0,2024-03-17,com,organization
getgenie.ai,keep,0,1,1,0,2026-04-15,ai,"blogs,cms,organization"
getreputationrepair.com,keep,0,1,1,1,2026-08-19,com,"cms,organization"
gfxdesigner.net,keep,0,1,1,0,2025-10-01,net,message-boards
goheroicrankings.com,keep,0,1,1,0,2024-05-16,com,
gomage.com,keep,0,1,1,0,2026-05-21,com,"blogs,cms,organization"
gracethemes.com,keep,0,1,1,0,2023-10-17,com,organization
gracker.ai,keep,0,1,1,0,2025-11-25,ai,unknown
grdxgos.com,keep,0,1,1,0,2026-05-03,com,"blogs,cms,organization"
greymatterdirect.com,keep,0,1,1,0,2026-04-27,com,"blogs,cms,ecommerce"
growthfolks.io,keep,0,1,1,0,2026-08-08,io,unknown
growwithsakib.com,keep,0,1,1,0,2026-06-28,com,"blogs,cms,organization"
gvrrecords.com,keep,0,1,1,0,2025-06-21,com,organization
helloroketto.com,keep,0,1,1,0,2026-05-04,com,organization
hellotoguestpost.com,keep,0,1,1,0,2026-07-11,com,"blogs,cms,organization"
hobo.video,keep,0,1,1,0,2026-07-15,video,"blogs,cms,organization"
hubspot.com,keep,0,1,1,0,2026-08-01,com,organization
hybridranking.com,keep,0,1,1,0,2026-04-20,com,organization
hyperise.com,keep,0,1,1,0,2025-01-21,com,unknown
icasino.tw,keep,0,1,1,0,2026-04-28,tw,"blogs,cms,organization"
inevent.com,keep,0,1,1,0,2024-04-01,com,organization
infrasity.com,keep,0,2,2,0,2026-05-31,com,organization
inoriseo.com,keep,0,1,1,0,2026-04-10,com,organization
insightwonder.com,keep,0,2,2,0,2026-09-11,com,"ecommerce,organization"
internetica.pl,keep,0,1,1,0,2026-04-28,pl,"blogs,cms,organization"
iriscale.com,keep,0,2,1,0,2026-04-12,com,unknown
islandmountain.io,keep,0,1,1,0,2026-08-02,io,organization
itchmarketing.dk,keep,0,1,1,0,2026-04-27,dk,organization
jobjourney.pro,keep,0,1,1,0,2026-05-14,pro,"ecommerce,organization"
k6agency.com,keep,0,2,2,0,2025-10-27,com,organization
kdan.com,keep,0,1,1,0,2024-09-02,com,"blogs,cms,organization"
kommo.com,keep,0,1,1,0,2024-07-15,com,organization
kozec.ai,keep,0,1,1,0,2026-07-09,ai,organization
latestnewsmsnbc.blogspot.com,keep,0,1,1,1,2024-12-12,com,"blogs,news,organization"
legalreader.com,keep,0,2,2,0,2024-03-22,com,"blogs,cms"
lilachbullock.com,keep,0,1,1,0,2023-11-04,com,"blogs,cms,organization"
linkdoctor.io,keep,0,1,1,0,2026-09-25,io,"blogs,cms"
linksbuilding.ru,keep,0,1,1,0,2025-07-04,ru,unknown
loop11.com,keep,0,1,1,0,2023-12-07,com,"blogs,cms"
loudscale.com,keep,0,9,6,0,2026-07-10,com,"ecommerce,organization"
luzmo.com,keep,0,1,1,0,2025-12-18,com,organization
madebynoble.com,keep,0,2,2,0,2026-05-28,com,organization
madesimplemedia.co.uk,keep,0,1,1,0,2023-10-08,uk,organization
magiclogix.com,keep,0,1,1,0,2026-04-10,com,"cms,organization"
mailmunch.com,keep,0,1,1,0,2024-04-22,com,organization
mailtrap.io,keep,0,1,1,0,2026-03-19,io,organization
maintouch.com,keep,0,1,1,0,2026-07-26,com,organization
managementers.com,keep,0,1,1,0,2025-09-27,com,"blogs,cms,organization"
mandarino.tech,keep,0,1,1,1,2026-07-25,tech,"news,organization"
mandr-group.com,keep,0,2,1,0,2026-07-21,com,organization
markestic.com,keep,0,1,1,0,2026-09-01,com,organization
matchboxdesigngroup.com,keep,0,1,1,0,2023-10-13,com,organization
matchmaker.fm,keep,0,1,1,0,2026-03-04,fm,"blogs,cms,organization"
matthewgauntassociates.co.uk,keep,0,1,1,0,2026-08-02,uk,organization
mean.ceo,keep,0,2,2,0,2026-09-08,ceo,unknown
mediasaf.com,keep,0,1,1,0,2026-07-02,com,"blogs,cms,organization"
meetgeek.ai,keep,0,2,2,0,2024-04-09,ai,"blogs,organization,unknown"
mental-momentum.ai,keep,0,1,1,1,2026-05-24,ai,organization
messengermediaonline.com,keep,0,1,1,0,2024-12-11,com,"blogs,cms,organization"
micdrop.cc,keep,0,1,1,0,2026-04-14,cc,unknown
millo.co,keep,0,1,1,0,2024-05-06,co,organization
min-inter.co.kr,keep,0,3,2,0,2026-07-02,kr,organization
mostdomain.com,keep,0,1,1,1,2026-07-17,com,"blogs,cms,organization"
natecue.com,keep,0,1,1,0,2026-07-23,com,"news,organization"
nationalnewsbrief.com,keep,0,1,1,0,2026-06-09,com,"blogs,cms,news,organization"
netstager.com,keep,0,1,1,0,2026-07-08,com,"ecommerce,organization"
nichehacks.com,keep,0,1,1,0,2026-08-10,com,"blogs,cms,organization"
nordvpn.com,keep,0,1,1,0,2026-08-20,com,organization
noticemesenpai.com,keep,0,1,1,0,2026-08-01,com,"blogs,cms,organization"
observeinfo.com,keep,0,1,1,1,2026-09-10,com,unknown
onsomble.ai,keep,0,1,1,0,2026-07-25,ai,organization
oppalerts.com,keep,0,118,116,116,2026-08-01,com,organization
opsmatters.com,keep,0,6,6,0,2026-05-03,com,unknown
oscprofessionals.com,keep,0,4,4,0,2023-11-11,com,"blogs,cms,organization"
ournameismud.co.uk,keep,0,1,1,0,2026-05-01,uk,organization
payspacemagazine.com,keep,0,1,1,0,2025-08-07,com,organization
peopledevelopmentmagazine.com,keep,0,4,4,0,2024-02-07,com,"blogs,cms"
percengage.com,keep,0,4,1,0,2026-04-16,com,organization
piperocket.digital,keep,0,1,1,0,2026-07-01,digital,organization
pixelixe.com,keep,0,3,3,0,2023-11-17,com,"blogs,organization"
plangphalla.com,keep,0,2,2,0,2026-05-02,com,"blogs,cms,organization"
pledgebox.com,keep,0,1,1,0,2026-07-27,com,organization
plumbingseo.agency,keep,0,1,1,0,2026-06-18,agency,organization
poperblocker.com,keep,0,1,1,0,2026-04-27,com,"blogs,cms,organization"
popl.co,keep,0,1,1,0,2024-03-27,co,"ecommerce,organization"
postbae.com,keep,0,1,1,0,2026-05-15,com,"blogs,organization"
price2spy.com,keep,0,2,2,0,2024-06-18,com,"blogs,cms"
projectmanagers.net,keep,0,1,1,0,2026-07-23,net,organization
pubrio.com,keep,0,1,1,1,2026-08-06,com,organization
rankai.ai,keep,0,1,1,0,2026-02-03,ai,unknown
rankbee.ai,keep,0,1,1,0,2026-03-03,ai,organization
rankpill.com,keep,0,1,1,0,2025-12-01,com,organization
rankry.ai,keep,0,1,1,0,2026-05-03,ai,organization
ranktracker.com,keep,0,28,28,0,2023-07-28,com,unknown
recruitcrm.io,keep,0,1,1,0,2026-05-14,io,organization
referencement-internet-web.com,keep,0,2,2,0,2026-02-28,com,organization
respona.com,keep,0,1,1,0,2026-07-07,com,organization
saaspirate.com,keep,0,1,1,0,2026-05-15,com,unknown
salesmate.io,keep,0,1,1,0,2026-03-16,io,unknown
salgskurser.info,keep,0,1,1,0,2026-02-06,info,organization
scalefusion.com,keep,0,25,25,0,2025-11-05,com,organization
scayla.co.il,keep,0,1,1,0,2026-07-31,il,organization
scoutforge.net,keep,0,1,1,1,2026-09-02,net,organization
scriptwalker.app,keep,0,3,3,0,2026-07-08,app,organization
secomapp.com,keep,0,2,2,0,2023-10-19,com,"blogs,cms,organization"
sellbery.com,keep,0,2,2,0,2025-07-09,com,organization
seobuddy.com,keep,0,5,3,0,2023-06-17,com,organization
seocontentwriters.ai,keep,0,2,1,0,2026-07-20,ai,organization
seoholics.de,keep,0,2,1,0,2026-03-20,de,"blogs,cms"
seoprofy.com,keep,0,1,1,0,2026-04-09,com,organization
seos.co,keep,0,5,5,5,2026-09-03,co,"cms,organization"
seoscaleup.com,keep,0,1,1,0,2026-05-30,com,"blogs,cms"
seostatistics.co,keep,0,1,1,1,2026-09-10,co,"blogs,cms,organization"
seotrends.pro,keep,0,1,1,0,2026-08-06,pro,unknown
seowithsiva.com,keep,0,1,1,1,2026-06-11,com,"blogs,cms,organization"
setupad.com,keep,0,1,1,0,2024-06-29,com,"blogs,cms,organization"
silvamarketingco.com,keep,0,1,1,0,2026-05-24,com,"blogs,cms,organization"
simplefunctions.dev,keep,0,1,1,0,2026-05-03,dev,"ecommerce,organization"
skillsheaven.org,keep,0,1,1,0,2026-07-08,org,"blogs,cms,organization"
slatehq.com,keep,0,2,1,0,2026-05-16,com,"blogs,organization"
smbceo.com,keep,0,1,1,0,2023-07-23,com,organization
snowball.productions,keep,0,2,2,0,2026-07-24,productions,organization
soar.sh,keep,0,3,2,0,2026-05-14,sh,organization
socialmarketingwriting.com,keep,0,1,1,0,2024-04-16,com,cms
socialmediarevolver.com,keep,0,1,1,0,2023-02-19,com,organization
solsocialmedia.com,keep,0,2,2,0,2026-08-17,com,"blogs,cms,organization"
sophisticatedcloud.com,keep,0,3,3,0,2026-06-01,com,"cms,organization"
sozee.ai,keep,0,2,2,2,2026-04-27,ai,"blogs,cms,organization"
spark.ru,keep,0,1,1,1,2026-07-19,ru,unknown
sparkhiveagency.com,keep,0,2,2,0,2026-04-22,com,"blogs,cms,organization"
spotsaas.com,keep,0,1,1,0,2026-09-30,com,organization
spp.co,keep,0,1,1,0,2024-12-07,co,organization
spyic.com,keep,0,1,1,0,2025-06-21,com,"blogs,cms"
studio-nextop.com,keep,0,2,1,1,2026-06-23,com,"blogs,cms,organization"
subscribers.com,keep,0,1,1,0,2024-05-27,com,"blogs,cms,organization"
superlewis.com,keep,0,1,1,1,2026-03-15,com,organization
surfe.com,keep,0,1,1,0,2024-09-15,com,organization
surfeo.ai,keep,0,5,5,0,2026-04-12,ai,organization
susbluezilla.com.co,keep,0,1,1,0,2026-08-09,co,"blogs,cms,organization"
swankytrader.com,keep,0,1,1,0,2025-10-29,com,"blogs,cms,organization"
sweetprocess.com,keep,0,1,1,0,2024-06-04,com,"blogs,cms,organization"
sysprobs.com,keep,0,1,1,0,2026-08-06,com,"cms,organization"
tal-agency.com,keep,0,1,1,0,2026-05-22,com,"blogs,cms"
talentedladiesclub.com,keep,0,1,1,0,2026-04-27,com,unknown
techandall.com,keep,0,1,1,0,2024-03-13,com,"blogs,cms"
techdayhq.com,keep,0,1,1,0,2024-04-09,com,"cms,organization"
techforgood.net,keep,0,2,2,0,2026-04-21,net,"blogs,cms,organization"
techguide.com.au,keep,0,1,1,0,2026-05-17,au,"blogs,cms,organization"
technologyforlearners.com,keep,0,1,1,0,2023-09-14,com,"blogs,cms,organization"
techplayon.com,keep,0,1,1,0,2026-05-27,com,"blogs,cms,organization"
techrt.com,keep,0,1,1,1,2026-06-11,com,organization
techwanderer.de,keep,0,3,1,0,2026-04-27,de,"blogs,cms"
techwyse.com,keep,0,10,5,3,2023-10-28,com,"cms,organization"
tely.ai,keep,0,1,1,1,2026-04-11,ai,"blogs,cms,organization"
testlify.com,keep,0,1,1,1,2024-07-15,com,"blogs,cms,organization"
the-seo-autopilot.com,keep,0,4,3,0,2026-06-19,com,organization
thebotshelf.com,keep,0,1,1,0,2026-06-14,com,news
theentrepreneursweekly.com,keep,0,1,1,0,2025-07-31,com,"blogs,cms,news,organization"
thefalcon.dev,keep,0,1,1,0,2026-07-01,dev,organization
thegrowthspice.com,keep,0,2,2,0,2026-01-02,com,"blogs,cms,organization"
thehotskills.com,keep,0,1,1,0,2025-04-07,com,"blogs,cms,organization"
theindustryleaders.org,keep,0,1,1,0,2025-01-30,org,"blogs,cms,organization"
theinvestorsociety.com,keep,0,1,1,0,2026-08-27,com,"blogs,cms,organization"
thelogocreative.co.uk,keep,0,1,1,0,2026-07-31,uk,organization
thestacc.com,keep,0,22,12,0,2026-04-10,com,organization
thestartupwatch.com,keep,0,1,1,0,2024-11-19,com,"blogs,cms"
thetechnotricks.net,keep,0,1,1,0,2025-05-21,net,"blogs,cms,organization"
tisdigitech.com,keep,0,1,1,1,2026-06-28,com,organization
trackmyvisibility.com,keep,0,1,1,0,2026-05-17,com,"cms,organization"
tranquilmediagroup.com,keep,0,1,1,0,2026-07-29,com,"blogs,cms,organization"
transactional.net,keep,0,1,1,0,2026-05-13,net,"blogs,cms"
tropk.ai,keep,0,2,1,0,2026-07-10,ai,"blogs,cms,organization"
tryrenown.com,keep,0,3,3,0,2026-06-04,com,organization
unitedstateslocallist.blogspot.com,keep,0,1,1,1,2024-11-18,com,"blogs,organization"
upreports.com,keep,0,1,1,0,2026-09-25,com,"blogs,cms,organization"
userlist.com,keep,0,1,1,0,2023-09-20,com,organization
vaekster.dk,keep,0,1,1,0,2026-03-22,dk,"cms,organization"
valasys.com,keep,0,1,1,0,2026-10-01,com,unknown
vardot.com,keep,0,2,2,0,2026-07-08,com,"cms,organization"
vaza.ai,keep,0,7,7,0,2026-08-16,ai,organization
vendasta.com,keep,0,1,1,0,2026-09-25,com,organization
verbatimdigital.com,keep,0,1,1,1,2026-06-24,com,unknown
voce.com,keep,0,2,2,2,2026-05-25,com,organization
voilanorbert.com,keep,0,1,1,0,2023-06-16,com,unknown
voxire.com,keep,0,8,6,0,2026-08-02,com,organization
wayfront.com,keep,0,1,1,0,2026-02-18,com,organization
wbcomdesigns.com,keep,0,1,1,0,2025-02-20,com,organization
webliance.com,keep,0,1,1,1,2024-04-10,com,"blogs,cms,organization"
weje.io,keep,0,1,1,0,2026-08-13,io,unknown
whitelabelseo.ai,keep,0,1,1,0,2026-06-07,ai,organization
wildirismarketing.com,keep,0,1,1,0,2026-08-26,com,cms
wisebusinessplans.com,keep,0,2,2,1,2025-11-09,com,organization
wodehui.net,keep,0,4,4,2,2025-10-03,net,"cms,organization"
wonderworksdesign.net,keep,0,2,2,0,2026-10-03,net,organization
wordable.io,keep,0,2,1,0,2026-02-06,io,"blogs,cms,organization"
worldbusinessoutlook.com,keep,0,4,4,0,2026-05-06,com,"blogs,cms,organization"
wplink.ai,keep,0,2,1,0,2026-03-08,ai,organization
writgo.nl,keep,0,3,2,0,2026-08-23,nl,organization
yaycommerce.com,keep,0,1,1,0,2024-01-12,com,"cms,organization"
yoho.digital,keep,0,1,1,0,2025-10-23,digital,organization
yourwebteam.io,keep,0,5,1,0,2026-04-21,io,organization
zekagraphic.com,keep,0,1,1,0,2024-08-28,com,organization
zenbridge.com.au,keep,0,1,1,1,2026-04-13,au,organization
ziptie.ai,keep,0,4,2,0,2026-08-12,ai,"blogs,cms,organization"
ziptie.dev,keep,0,4,2,0,2026-03-12,dev,organization
